customer_id,first_name,last_name
3120,Lauree,O'Donnell
787,Norma,Batrim
247,Kristal,Joysey
2001,Mada,Martinho
2596,Lexis,Deason
76,Rea,Hasser
3214,Cindelyn,Balas
2003,Lilli,Hargey
3406,Lucy,Lackmann
1839,Faythe,Rance
1498,Janot,McGougan
1861,Charlena,Muzzi
1233,Keeley,Hawsby
2682,Annamarie,Bouzan
1579,Madelaine,Siegertsz
2984,Frances,Mishaw
211,Beitris,
333,Debbi,Doohey
3296,Leontyne,Jackett
2703,Peria,Amis
2183,Jillie,Fyndon
1788,Anna-diana,Kurten
1170,Lari,Rotte
1940,Gabriellia,Coulter
462,Melany,Thorrington
2381,Dulsea,Pladen
2637,Marcile,Christley
2365,Lauretta,Furmonger
1711,Marie-jeanne,Mattson
1005,Kalila,Birtwistle
766,Nonna,Hun
520,Jazmin,Neumann
868,Effie,Duddy
1140,Deana,Rathbourne
1502,Margalit,Handrick
681,Jobyna,Elgey
396,Peria,Iscowitz
3099,Shelli,Benitti
546,Jorie,Pigott
2885,Minnie,Rolley
2740,Godiva,Bulward
3393,Henrietta,Olexa
1967,Nomi,
3393,Henrietta,Olexa
3405,Gavra,Robez
3436,Marget,Freeland
360,Atalanta,Starbucke
2904,Freddi,Arrington
2024,Elinor,Biggerstaff
768,Alexia,Wolford
1524,Bonni,Drakers
323,Celka,Goodrich
2530,Engracia,Foulcher
2745,Moyra,Mount
3353,Marina,Scorrer
1414,Allison,Clowton
2202,Diannne,Neissen
2144,Maureene,Kingstne
1097,Gwenora,Grabbam
1745,Leigha,Clawson
444,Britteny,Falconer-Taylor
1443,Angela,Mowles
416,Dory,Barnsdall
1995,Mabel,Sallter
2682,Annamarie,Bouzan
880,Neely,Lundon
1698,Christabella,Eldredge
2712,Carissa,Hassent
3484,Hedi,Mowday
2775,Dael,Glentz
2109,Grazia,Vinson
389,Dorene,Scrivner
2350,Lorinda,Malpass
3249,Cortney,Leet
2939,Austina,Dugan
1035,Kara-lynn,Doddridge
2850,Andie,Shorto
2923,Julie,Kennagh
2659,Konstance,Elgey
1862,Daron,Umpleby
2702,Saraann,Gilliard
359,Dulcine,Gauson
167,Nathalie,Tideswell
2794,Megen,Lorenc
505,Wylma,Elsy
344,Carlene,Eyckelbeck
367,Katrinka,Sturrock
479,Blythe,Keighley
361,Stephana,Minero
1135,Mireielle,Avrasin
804,Henrietta,Seater
479,Blythe,Keighley
1679,Arabel,Kayser
3330,Tina,Pristnor
693,Bambi,Hebblethwaite
1171,Ilise,Solloway
2233,Cassi,Killingworth
3280,Micki,McNamara
333,Debbi,Doohey
359,Dulcine,Gauson
3104,Diahann,Blundan
753,Josy,St. Quentin
3071,Shirlee,Murdoch
1913,Tamiko,Fergie
2633,Shayla,Colnett
252,Anthea,Ruskin
2538,Jacinta,Petrillo
149,Drucy,Kausche
1579,Madelaine,Siegertsz
1677,Petrina,Pollins
1320,Fae,
345,Tish,Oleksiak
1059,Chantal,Plante
1466,Cyndia,Gull
3477,Jaquelin,Leek
3023,Rikki,Bernet
3482,Roch,Rilston
904,Kariotta,Ludman
2536,Aigneis,Brignall
1999,Raquel,Bamlett
3164,Hortensia,Rainger
2211,Carmelita,Matuskiewicz
2590,Roslyn,Tewkesbury.
606,Filia,Rosson
3154,Angil,Ellesmere
3076,Merna,Eyers
2486,Alaine,Halbord
2777,Dita,Darlison
3109,Jeralee,Domleo
1952,Patrica,Donativo
2609,Genvieve,Kobes
693,Bambi,Hebblethwaite
836,Clemence,Vautre
1400,Rikki,Eytel
211,Beitris,
2243,Lena,Cronshaw
260,Farand,Marriner
3393,Henrietta,Olexa
1753,Kerry,Ford
1480,Bird,Diess
1791,Ninon,Van Der Hoog
459,Bel,Cheeke
463,Allis,Blanche
2195,Nevsa,Taill
2488,Idalia,Braunton
1286,Mina,Clawley
1608,Fernande,Petzolt
2755,Karen,La Wille
3061,Evie,Bendtsen
1411,Katrina,Coltart
1753,Kerry,Ford
3421,Ronalda,McGeechan
1307,Emlyn,Musgrave
1060,Vanda,Boadby
1791,Ninon,Van Der Hoog
955,Teresina,Gibbie
3412,Almira,Ethelstone
959,Katharina,Jennins
2207,Junia,Gall
1190,Sib,Gilby
2247,Gweneth,Wilkins
1731,Aigneis,MacKall
1770,Chrysler,Vasile
247,Kristal,Joysey
257,Marissa,
461,Jsandye,Melendez
405,Vivien,Urion
1060,Vanda,Boadby
367,Katrinka,Sturrock
2537,Peggi,Tolan
295,Lena,Chape
508,Abagail,Tordiffe
1714,Esma,Rycroft
1724,Davita,Pristnor
1138,Elli,Loxdale
815,Caryn,Sampey
1904,Nert,Muglestone
2712,Carissa,Hassent
3314,Blakelee,Tassel
2195,Nevsa,Taill
860,Ida,
2627,Hildegaard,Gennrich
2001,Mada,Martinho
2850,Andie,Shorto
1639,Marna,Showers
1731,Aigneis,MacKall
1910,Yovonnda,Warrior
2438,Lorianne,Ethersey
667,Nicoline,Samwayes
2813,Lillian,Crookall
1839,Faythe,Rance
1073,Elbertina,Donne
686,Hallie,Le feaver
2775,Dael,Glentz
1579,Madelaine,Siegertsz
1832,Elicia,Normanvill
2650,Candice,Patriskson
2359,Merlina,Bream
718,Cathe,Lorriman
3252,Alexia,McTerrelly
1639,Marna,Showers
355,Stacy,Gullane
3314,Blakelee,Tassel
1573,Aurea,Reubens
990,Melissa,Purple
1275,Francisca,Whittek
2597,Carita,Kemwall
1658,Selina,Clow
1288,Abra,Cuardall
3084,Birgit,Dowers
970,Kellyann,Hawton
2646,Jesselyn,Di Biaggi
1860,Holly-anne,Hamman
1411,Katrina,Coltart
1731,Aigneis,MacKall
215,Debera,Foxworthy
3465,Hadria,Pizer
1897,Cosette,Callar
2016,Laraine,Merioth
2465,Paloma,Nilles
2046,Charis,Maas
259,Venita,Dymick
2538,Jacinta,Petrillo
457,Querida,Danilchev
2407,Merrily,
2500,Micky,Livings
397,Nerissa,Foote
2856,Milissent,Deinert
367,Katrinka,Sturrock
463,Allis,Blanche
1908,Jaquelyn,Workman
3469,Arabele,Lantoph
1170,Lari,Rotte
3214,Cindelyn,Balas
2380,Merissa,Milella
635,Joelle,Prior
1533,Sonia,Rous
3353,Marina,Scorrer
3251,Cammie,Edridge
853,Nolana,Rotter
1771,Zarah,Santello
1698,Christabella,Eldredge
520,Jazmin,Neumann
566,Datha,McPheat
2812,Molli,Hagergham
2755,Karen,La Wille
3084,Birgit,Dowers
1541,Dynah,Grimes
2939,Austina,Dugan
681,Jobyna,Elgey
3252,Alexia,McTerrelly
3109,Jeralee,Domleo
2891,Renae,Ughetti
1311,Sharona,Cunah
421,Tish,Netti
1992,Shanta,Attrill
901,Letta,McCarter
1761,Kassi,List
1659,Olva,Sheehy
1700,Rana,Streets
257,Marissa,
325,Anthia,Ghilardini
1647,Ivory,Roscam
2702,Saraann,Gilliard
251,Mala,
3330,Tina,Pristnor
2755,Karen,La Wille
345,Tish,Oleksiak
461,Jsandye,Melendez
1171,Ilise,Solloway
1140,Deana,Rathbourne
559,Erma,Vyel
3204,Ibby,Beedon
977,Olga,Dyke
787,Norma,Batrim
787,Norma,Batrim
2906,Ivory,MacKnocker
3199,Florry,Neasam
1807,Pollyanna,Serjeantson
1725,Corena,Postlewhite
545,Alecia,Crosse
2923,Julie,Kennagh
3055,Viki,Drache
1884,Aurore,Buckmaster
1241,Lolly,Junkison
635,Joelle,Prior
2024,Elinor,Biggerstaff
1302,Ericka,Eggers
1977,Myrtia,Paschke
1103,Glynnis,Sailor
966,Krystyna,Linning
901,Letta,McCarter
2740,Godiva,Bulward
450,Myrlene,Rothwell
523,Elberta,Tixall
2438,Lorianne,Ethersey
153,Lorilyn,Walshe
2733,Jordanna,Skyme
2714,Emmy,Jenton
322,De,Denington
2273,Rhetta,Lambrook
1302,Ericka,Eggers
1897,Cosette,Callar
2650,Candice,Patriskson
2107,Dre,Ferrillo
1917,Raquela,Schimpke
215,Debera,Foxworthy
405,Vivien,Urion
251,Mala,
1077,Sheba,Este
1098,Maure,Crow
2616,Andee,Ormrod
2923,Julie,Kennagh
2844,Amie,Felgate
1036,Randene,Ingle
2486,Alaine,Halbord
295,Lena,Chape
3141,Esmaria,Kiernan
2273,Rhetta,Lambrook
686,Hallie,Le feaver
585,Tiphany,Bonnier
1695,Blanch,Leyshon
1140,Deana,Rathbourne
990,Melissa,Purple
824,Fleurette,Whardley
2856,Milissent,Deinert
2212,Adrianne,Raoux
1672,Sharla,Creebo
1659,Olva,Sheehy
3026,Minda,Pendrid
1177,Bobbette,Pozzi
2307,Corina,Shadwick
1153,Mirilla,Lothlorien
3051,Edi,Lugton
2615,Cordelia,
1884,Aurore,Buckmaster
3477,Jaquelin,Leek
2361,Jeannette,Cerman
450,Myrlene,Rothwell
942,Shirley,Brook
2307,Corina,Shadwick
2790,Shirleen,Shelsher
2936,Pavia,Gethen
1724,Davita,Pristnor
1995,Mabel,Sallter
3287,Marys,Vazquez
2458,Leilah,Liddel
2474,Chrysa,Burrett
496,Korry,Cosgrove
2229,Linette,Gotmann
3428,Leonora,Iglesia
1862,Daron,Umpleby
2233,Cassi,Killingworth
1677,Petrina,Pollins
1271,Jo-anne,Pringer
1149,Ki,Odo
272,Arlie,Crean
2659,Konstance,Elgey
1579,Madelaine,Siegertsz
1227,Carlina,Pencot
2039,Laureen,Blower
318,Libbie,Castelin
1999,Raquel,Bamlett
405,Vivien,Urion
804,Henrietta,Seater
2536,Aigneis,Brignall
675,Sharl,Wiggin
410,Alicia,Townend
2891,Renae,Ughetti
2304,Shelia,Bellew
789,Gabrielle,Giraudot
2050,Opal,Costa
322,De,Denington
260,Farand,Marriner
2458,Leilah,Liddel
394,Roanne,Cowthard
2361,Jeannette,Cerman
3155,Tiphani,Fritz
260,Farand,Marriner
322,De,Denington
2213,Jesse,Leyshon
3436,Marget,Freeland
1490,Lusa,Hargerie
3387,Shel,Duke
1753,Kerry,Ford
1568,Bellanca,Strutz
2857,Alanna,Geram
3469,Arabele,Lantoph
2216,Clarinda,Woffinden
1725,Corena,Postlewhite
2703,Peria,Amis
251,Mala,
2379,Trixie,Piscopiello
2107,Dre,Ferrillo
1913,Tamiko,Fergie
738,Bunnie,Whines
292,Gelya,Gerant
1067,Berri,Cotillard
333,Debbi,Doohey
2952,Cristy,McQuirter
1311,Sharona,Cunah
2563,Perla,Sabatier
2201,Trisha,Basset
479,Blythe,Keighley
686,Hallie,Le feaver
877,Didi,Milne
1653,Florry,Folbige
361,Stephana,Minero
738,Bunnie,Whines
2843,Lorain,Danforth
2844,Amie,Felgate
1418,Valaria,Hugh
3099,Shelli,Benitti
1440,Consuela,O'Logan
1176,Celia,Dockerty
1861,Charlena,Muzzi
2581,Gwenette,Appleton
1438,Winifred,MacRonald
2465,Paloma,Nilles
1191,Merrielle,Vegas
149,Drucy,Kausche
1925,Amaleta,Dickens
1502,Margalit,Handrick
858,Barby,Charlwood
1138,Elli,Loxdale
1983,Kimberlee,Soonhouse
1697,Eddi,Mansbridge
1679,Arabel,Kayser
1653,Florry,Folbige
1860,Holly-anne,Hamman
3419,Felipa,Guslon
1223,Kristyn,
1466,Cyndia,Gull
620,Willy,Langley
758,Teena,Birrel
745,Dotty,Maylott
1562,Elset,Biasio
3421,Ronalda,McGeechan
3070,Malissia,Minthorpe
259,Venita,Dymick
810,Fawnia,Bartrum
3154,Angil,Ellesmere
461,Jsandye,Melendez
1502,Margalit,Handrick
3271,Daisi,Philip
2467,Ynez,Fawloe
2659,Konstance,Elgey
614,Nonnah,Johns
1073,Elbertina,Donne
3308,Daffi,Idale
2794,Megen,Lorenc
3249,Cortney,Leet
1858,Gabriella,
1182,Carolann,Ottiwill
2538,Jacinta,Petrillo
963,Valery,Haresign
363,Sabrina,Caddy
3036,Windy,Orehead
1827,Stormie,Smyth
3055,Viki,Drache
2112,Aubrie,Glaum
1443,Angela,Mowles
318,Libbie,Castelin
2399,Devonne,McPolin
858,Barby,Charlwood
1465,Wilona,Osgood
2399,Devonne,McPolin
2202,Diannne,Neissen
851,Cammi,Tesmond
3218,Conny,Starbeck
3361,Riva,Yushin
272,Arlie,Crean
1151,Brena,Amburgy
553,Charlean,Fantone
2872,Tabbi,Tyght
2109,Grazia,Vinson
2918,Elli,
3246,Norene,Merle
2173,Gracia,McAteer
2109,Grazia,Vinson
1318,Barbe,Assender
851,Cammi,Tesmond
738,Bunnie,Whines
2136,Heather,Golsworthy
2046,Charis,Maas
443,Lauree,Leason
3184,Marlee,Brundle
344,Carlene,Eyckelbeck
3469,Arabele,Lantoph
2273,Rhetta,Lambrook
2534,Estelle,Lithgow
149,Drucy,Kausche
1964,Cara,Campbell-Dunlop
602,Lebbie,Bruck
2183,Jillie,Fyndon
1725,Corena,Postlewhite
2396,Elmira,Wildblood
430,Janice,Himsworth
167,Nathalie,Tideswell
2659,Konstance,Elgey
2616,Andee,Ormrod
2633,Shayla,Colnett
871,Janka,Yesinin
2096,Torrie,Smartman
2639,Mufi,O'Kielt
693,Bambi,Hebblethwaite
1540,Ilene,Agett
2304,Shelia,Bellew
990,Melissa,Purple
877,Didi,Milne
963,Valery,Haresign
1745,Leigha,Clawson
2615,Cordelia,
310,Myranda,Clowser
1913,Tamiko,Fergie
1171,Ilise,Solloway
877,Didi,Milne
2173,Gracia,McAteer
3191,Bobbette,Amps
1307,Emlyn,Musgrave
409,Tatiania,O'Kane
272,Arlie,Crean
1240,Pen,Earey
2683,Myrta,Rentilll
3489,Margo,Fletcher
3414,Winnifred,Zima
2307,Corina,Shadwick
1005,Kalila,Birtwistle
2199,Leigha,Ranger
1788,Anna-diana,Kurten
836,Clemence,Vautre
635,Joelle,Prior
478,Darcey,Harberer
1451,Courtney,Meas
478,Darcey,Harberer
3374,Joann,Corrigan
1036,Randene,Ingle
2438,Lorianne,Ethersey
3129,Leola,Mandrier
2458,Leilah,Liddel
3334,Koralle,Winckles
2454,Gene,Brome
3071,Shirlee,Murdoch
1711,Marie-jeanne,Mattson
699,Mirabella,Richter
1012,Anna-diane,Preddle
1771,Zarah,Santello
3221,Brigid,Quigley
1697,Eddi,Mansbridge
1546,Natalya,Moscone
2465,Paloma,Nilles
299,Corabelle,Hartnell
1480,Bird,Diess
2131,Nettle,Painter
1910,Yovonnda,Warrior
3465,Hadria,Pizer
447,Brittany,Peasey
1140,Deana,Rathbourne
1410,Althea,Macvey
74,Pansy,Kiddie
1725,Corena,Postlewhite
614,Nonnah,Johns
2144,Maureene,Kingstne
2984,Frances,Mishaw
1723,Atalanta,Stoeck
3406,Lucy,Lackmann
1169,Kessiah,Corden
2523,Lauree,Shewery
360,Atalanta,Starbucke
3036,Windy,Orehead
202,Audie,Pillinger
3334,Koralle,Winckles
787,Norma,Batrim
1302,Ericka,Eggers
659,Natalee,Stringman
188,Audry,Seine
1913,Tamiko,Fergie
2914,Jessamine,Brazear
3330,Tina,Pristnor
1547,Chiquita,Billyard
815,Caryn,Sampey
3252,Alexia,McTerrelly
3313,Kori,Antoshin
3003,Brita,Tupie
2816,Denys,Dumingos
1647,Ivory,Roscam
2850,Andie,Shorto
1913,Tamiko,Fergie
2661,Dorrie,Meaden
479,Blythe,Keighley
3165,Vyky,Coppen
1227,Carlina,Pencot
303,Shane,Smetoun
723,Madelina,Marte
2891,Renae,Ughetti
3484,Hedi,Mowday
3258,Hettie,Godden
2488,Idalia,Braunton
1240,Pen,Earey
1410,Althea,Macvey
1550,Nell,MacCafferky
1832,Elicia,Normanvill
247,Kristal,Joysey
1182,Carolann,Ottiwill
2755,Karen,La Wille
2132,Davina,Dougary
430,Janice,Himsworth
3184,Marlee,Brundle
477,Cheri,Hazeman
389,Dorene,Scrivner
333,Debbi,Doohey
2130,Evangelina,Coxhell
1663,Analiese,Grimsditch
1318,Barbe,Assender
310,Myranda,Clowser
2777,Dita,Darlison
1457,Leonore,Slixby
407,Chryste,Acum
1417,Micki,Russel
2952,Cristy,McQuirter
649,Krissie,Dinan
2500,Micky,Livings
3249,Cortney,Leet
2861,Cecelia,Franzini
2379,Trixie,Piscopiello
1731,Aigneis,MacKall
681,Jobyna,Elgey
299,Corabelle,Hartnell
3432,Max,Cloney
1012,Anna-diane,Preddle
608,Alisun,Heinecke
2817,Agata,Inglesent
260,Farand,Marriner
1639,Marna,Showers
3406,Lucy,Lackmann
930,Evelina,Dinan
723,Madelina,Marte
3251,Cammie,Edridge
2183,Jillie,Fyndon
1490,Lusa,Hargerie
2987,Riane,Schultes
2794,Megen,Lorenc
2501,Ora,Meaddowcroft
2096,Torrie,Smartman
1023,Iseabal,Fullbrook
1153,Mirilla,Lothlorien
1913,Tamiko,Fergie
3484,Hedi,Mowday
1809,Reba,Southon
1967,Nomi,
1999,Raquel,Bamlett
295,Lena,Chape
1286,Mina,Clawley
1809,Reba,Southon
1103,Glynnis,Sailor
3106,Yetty,Conneely
2816,Denys,Dumingos
35,Margaretha,Strettle
3477,Jaquelin,Leek
1177,Bobbette,Pozzi
3165,Vyky,Coppen
3152,Lettie,McGenis
2994,Karlen,Iacovacci
1767,Cicely,Millier
1412,Antonetta,Dumbrall
446,Marilee,Oosthout de Vree
955,Teresina,Gibbie
1540,Ilene,Agett
1913,Tamiko,Fergie
1151,Brena,Amburgy
367,Katrinka,Sturrock
523,Elberta,Tixall
1073,Elbertina,Donne
882,Esmaria,Lythgoe
2537,Peggi,Tolan
1531,Evaleen,Pusey
745,Dotty,Maylott
2432,Ebba,Melhuish
1153,Mirilla,Lothlorien
1788,Anna-diana,Kurten
1995,Mabel,Sallter
248,Inger,Eskell
243,Barbara,Croxley
1115,Merola,Stutard
2454,Gene,Brome
3141,Esmaria,Kiernan
1788,Anna-diana,Kurten
2534,Estelle,Lithgow
2817,Agata,Inglesent
256,Linell,Beadle
3334,Koralle,Winckles
758,Teena,Birrel
1438,Winifred,MacRonald
608,Alisun,Heinecke
1223,Kristyn,
2755,Karen,La Wille
3258,Hettie,Godden
1859,Melamie,Hardman
1495,Charmion,Dobsons
1190,Sib,Gilby
766,Nonna,Hun
2771,Jamie,Gildersleeve
2561,Elga,McWard
585,Tiphany,Bonnier
2523,Lauree,Shewery
3449,Ilyssa,Hannabuss
2857,Alanna,Geram
2799,Ilysa,Palle
1138,Elli,Loxdale
787,Norma,Batrim
2619,Lavinia,Niess
2998,Quintana,Housley
1400,Rikki,Eytel
606,Filia,Rosson
2536,Aigneis,Brignall
1992,Shanta,Attrill
477,Cheri,Hazeman
723,Madelina,Marte
1731,Aigneis,MacKall
1227,Carlina,Pencot
1073,Elbertina,Donne
3018,Ainsley,Nissle
26,Trixi,Ginnelly
1550,Nell,MacCafferky
3071,Shirlee,Murdoch
3308,Daffi,Idale
2407,Merrily,
3296,Leontyne,Jackett
1753,Kerry,Ford
2831,Starlin,Aysh
2799,Ilysa,Palle
3246,Norene,Merle
1115,Merola,Stutard
1185,Xena,Rossbrooke
1862,Daron,Umpleby
247,Kristal,Joysey
3271,Daisi,Philip
2224,Sydel,Seccombe
1417,Micki,Russel
1009,Nolie,Orring
2923,Julie,Kennagh
319,Madelle,Matteris
3154,Angil,Ellesmere
2247,Gweneth,Wilkins
2627,Hildegaard,Gennrich
2682,Annamarie,Bouzan
1897,Cosette,Callar
2253,Gracie,Kubacki
292,Gelya,Gerant
2050,Opal,Costa
3026,Minda,Pendrid
2923,Julie,Kennagh
2616,Andee,Ormrod
508,Abagail,Tordiffe
1233,Keeley,Hawsby
1924,Eolande,Kauscher
882,Esmaria,Lythgoe
1568,Bellanca,Strutz
3406,Lucy,Lackmann
407,Chryste,Acum
1723,Atalanta,Stoeck
2902,Stacia,Gritsaev
2745,Moyra,Mount
787,Norma,Batrim
1909,Drucill,Laurand
667,Nicoline,Samwayes
2402,Merrielle,Strafen
590,Ddene,Burleton
2775,Dael,Glentz
1227,Carlina,Pencot
2984,Frances,Mishaw
1579,Madelaine,Siegertsz
1658,Selina,Clow
3432,Max,Cloney
2662,Louisette,Cullimore
2350,Lorinda,Malpass
522,Lynnelle,Comettoi
620,Willy,Langley
1718,Eada,Coaster
3076,Merna,Eyers
1761,Kassi,List
1135,Mireielle,Avrasin
3283,Rowe,Barbary
1103,Glynnis,Sailor
199,Verla,Alven
2201,Trisha,Basset
1465,Wilona,Osgood
1322,Kathye,Christie
3003,Brita,Tupie
2523,Lauree,Shewery
810,Fawnia,Bartrum
2136,Heather,Golsworthy
2609,Genvieve,Kobes
1952,Patrica,Donativo
428,Freida,Everil
585,Tiphany,Bonnier
2918,Elli,
3076,Merna,Eyers
1549,Vikki,Tett
625,Abra,Probets
3051,Edi,Lugton
319,Madelle,Matteris
2458,Leilah,Liddel
3393,Henrietta,Olexa
2247,Gweneth,Wilkins
2224,Sydel,Seccombe
3296,Leontyne,Jackett
2202,Diannne,Neissen
1678,Dale,Hursey
1663,Analiese,Grimsditch
2885,Minnie,Rolley
3449,Ilyssa,Hannabuss
2517,Rozanna,Kegan
3464,Etheline,Gerretsen
3314,Blakelee,Tassel
2276,Stormy,Caveney
1786,Lonee,Gorce
2904,Freddi,Arrington
2542,Amanda,Leverington
2276,Stormy,Caveney
590,Ddene,Burleton
3036,Windy,Orehead
3442,Adrianne,Petrecz
3344,Clerissa,Columbell
2262,Nyssa,Banister
890,Tony,Cordsen
2727,Kim,Gabbitis
1897,Cosette,Callar
1438,Winifred,MacRonald
1924,Eolande,Kauscher
2501,Ora,Meaddowcroft
559,Erma,Vyel
1714,Esma,Rycroft
894,Catie,Kibbey
2183,Jillie,Fyndon
959,Katharina,Jennins
1418,Valaria,Hugh
2130,Evangelina,Coxhell
3084,Birgit,Dowers
1073,Elbertina,Donne
1786,Lonee,Gorce
1177,Bobbette,Pozzi
2484,Elise,Slimm
859,Devinne,Tommeo
3055,Viki,Drache
1140,Deana,Rathbourne
3106,Yetty,Conneely
325,Anthia,Ghilardini
1832,Elicia,Normanvill
1989,Emalee,Guitel
859,Devinne,Tommeo
1128,Kirsten,Longman
3406,Lucy,Lackmann
2682,Annamarie,Bouzan
167,Nathalie,Tideswell
2253,Gracie,Kubacki
1501,Shelby,Trayhorn
1412,Antonetta,Dumbrall
462,Melany,Thorrington
1443,Angela,Mowles
1672,Sharla,Creebo
1610,Valaree,Chisolm
2474,Chrysa,Burrett
416,Dory,Barnsdall
1533,Sonia,Rous
1483,Beth,Daile
1022,Suzann,Wilks
2952,Cristy,McQuirter
2843,Lorain,Danforth
1909,Drucill,Laurand
3199,Florry,Neasam
2690,Sissie,Giordano
260,Farand,Marriner
253,Amalee,Choak
787,Norma,Batrim
2371,Rory,Lokier
1898,Katalin,Mantz
2695,Kippy,Heater
1103,Glynnis,Sailor
2616,Andee,Ormrod
3199,Florry,Neasam
2616,Andee,Ormrod
394,Roanne,Cowthard
785,Anthea,Guesford
2844,Amie,Felgate
363,Sabrina,Caddy
855,Bennie,Llywarch
446,Marilee,Oosthout de Vree
2650,Candice,Patriskson
257,Marissa,
248,Inger,Eskell
1992,Shanta,Attrill
1314,De,Eilhart
972,Dena,Crewdson
2009,Neilla,Castrillo
1457,Leonore,Slixby
768,Alexia,Wolford
1547,Chiquita,Billyard
2014,Sandye,Avraam
104,Odille,Panketh
3310,Bethany,Jarrell
318,Libbie,Castelin
1039,Nona,Diamant
2026,Anabelle,Rogerson
478,Darcey,Harberer
1791,Ninon,Van Der Hoog
2771,Jamie,Gildersleeve
3124,Anastasie,Le Grand
2108,Michel,O'Halligan
1952,Patrica,Donativo
2454,Gene,Brome
974,Mellicent,Dollin
1060,Vanda,Boadby
1672,Sharla,Creebo
2028,Cathy,Parmley
2534,Estelle,Lithgow
2273,Rhetta,Lambrook
2183,Jillie,Fyndon
1697,Eddi,Mansbridge
1718,Eada,Coaster
104,Odille,Panketh
2046,Charis,Maas
2766,Rozanna,Chartman
2723,Morganne,Smitham
2966,Fredi,Aldhous
2350,Lorinda,Malpass
3280,Micki,McNamara
608,Alisun,Heinecke
2964,Geneva,McCrystal
877,Didi,Milne
1483,Beth,Daile
405,Vivien,Urion
635,Joelle,Prior
446,Marilee,Oosthout de Vree
2432,Ebba,Melhuish
590,Ddene,Burleton
1169,Kessiah,Corden
477,Cheri,Hazeman
2262,Nyssa,Banister
1502,Margalit,Handrick
322,De,Denington
3471,Brita,Afonso
1022,Suzann,Wilks
581,Brenna,Dacks
2039,Laureen,Blower
1651,Idalina,
2596,Lexis,Deason
2682,Annamarie,Bouzan
1524,Bonni,Drakers
1770,Chrysler,Vasile
810,Fawnia,Bartrum
686,Hallie,Le feaver
472,Kippy,Jessel
1731,Aigneis,MacKall
1562,Elset,Biasio
2237,Julia,Walden
2202,Diannne,Neissen
1118,Colline,Coulman
2441,Loutitia,Pinkie
2703,Peria,Amis
2046,Charis,Maas
2616,Andee,Ormrod
2507,Alysa,Galilee
2454,Gene,Brome
1550,Nell,MacCafferky
3449,Ilyssa,Hannabuss
901,Letta,McCarter
344,Carlene,Eyckelbeck
2590,Roslyn,Tewkesbury.
1839,Faythe,Rance
2766,Rozanna,Chartman
1286,Mina,Clawley
2777,Dita,Darlison
1985,Chrysler,Longstaffe
3348,Amanda,Hazeltine
2843,Lorain,Danforth
3251,Cammie,Edridge
430,Janice,Himsworth
153,Lorilyn,Walshe
2542,Amanda,Leverington
2213,Jesse,Leyshon
1547,Chiquita,Billyard
871,Janka,Yesinin
649,Krissie,Dinan
3338,Nata,Ozanne
333,Debbi,Doohey
1233,Keeley,Hawsby
793,Kissie,Delong
1967,Nomi,
104,Odille,Panketh
2723,Morganne,Smitham
2861,Cecelia,Franzini
1128,Kirsten,Longman
2398,Mirelle,
1443,Angela,Mowles
1491,Agneta,Swiggs
1483,Beth,Daile
1533,Sonia,Rous
3191,Bobbette,Amps
1418,Valaria,Hugh
202,Audie,Pillinger
397,Nerissa,Foote
344,Carlene,Eyckelbeck
1992,Shanta,Attrill
2211,Carmelita,Matuskiewicz
397,Nerissa,Foote
396,Peria,Iscowitz
2359,Merlina,Bream
1884,Aurore,Buckmaster
1859,Melamie,Hardman
855,Bennie,Llywarch
1150,Bernelle,Warwick
1663,Analiese,Grimsditch
2132,Davina,Dougary
2237,Julia,Walden
2331,Marybelle,Antal
2565,Joannes,Harbron
1121,Dione,Raithby
2381,Dulsea,Pladen
3421,Ronalda,McGeechan
2775,Dael,Glentz
2740,Godiva,Bulward
2542,Amanda,Leverington
3036,Windy,Orehead
496,Korry,Cosgrove
2659,Konstance,Elgey
247,Kristal,Joysey
2399,Devonne,McPolin
3018,Ainsley,Nissle
325,Anthia,Ghilardini
104,Odille,Panketh
1651,Idalina,
1077,Sheba,Este
2429,Emeline,Baldi
1286,Mina,Clawley
1182,Carolann,Ottiwill
2609,Genvieve,Kobes
410,Alicia,Townend
614,Nonnah,Johns
3421,Ronalda,McGeechan
2659,Konstance,Elgey
614,Nonnah,Johns
3344,Clerissa,Columbell
3471,Brita,Afonso
1045,Aeriel,Everest
2597,Carita,Kemwall
1796,Cayla,Marcus
3280,Micki,McNamara
2959,Max,Gonthier
2024,Elinor,Biggerstaff
2966,Fredi,Aldhous
459,Bel,Cheeke
1700,Rana,Streets
2331,Marybelle,Antal
1140,Deana,Rathbourne
3405,Gavra,Robez
3334,Koralle,Winckles
3051,Edi,Lugton
2714,Emmy,Jenton
3274,Tory,Dosdell
1197,Isobel,Lampett
2376,Eada,Narbett
2292,Christie,MacClure
2609,Genvieve,Kobes
1115,Merola,Stutard
421,Tish,Netti
3199,Florry,Neasam
2082,Sybyl,Beekman
1770,Chrysler,Vasile
1967,Nomi,
479,Blythe,Keighley
2530,Engracia,Foulcher
2360,Karleen,McGenn
1925,Amaleta,Dickens
3489,Margo,Fletcher
3296,Leontyne,Jackett
3184,Marlee,Brundle
1322,Kathye,Christie
443,Lauree,Leason
2885,Minnie,Rolley
2331,Marybelle,Antal
1077,Sheba,Este
360,Atalanta,Starbucke
1908,Jaquelyn,Workman
2659,Konstance,Elgey
3421,Ronalda,McGeechan
2480,Adey,Shevlin
396,Peria,Iscowitz
2683,Myrta,Rentilll
1977,Myrtia,Paschke
2581,Gwenette,Appleton
35,Margaretha,Strettle
1652,Ulrikaumeko,Heffernon
1892,Allyson,Pinsent
1302,Ericka,Eggers
3258,Hettie,Godden
2183,Jillie,Fyndon
1836,Rochella,Harce
2359,Merlina,Bream
538,Millicent,Wiffler
1300,Sisely,Strelitzer
2432,Ebba,Melhuish
2861,Cecelia,Franzini
449,Shana,Fortesquieu
649,Krissie,Dinan
3271,Daisi,Philip
955,Teresina,Gibbie
899,Teodora,Lawling
2659,Konstance,Elgey
1418,Valaria,Hugh
505,Wylma,Elsy
2028,Cathy,Parmley
1767,Cicely,Millier
1639,Marna,Showers
1540,Ilene,Agett
859,Devinne,Tommeo
2850,Andie,Shorto
2202,Diannne,Neissen
1639,Marna,Showers
1502,Margalit,Handrick
1121,Dione,Raithby
2292,Christie,MacClure
1022,Suzann,Wilks
3405,Gavra,Robez
793,Kissie,Delong
3055,Viki,Drache
2307,Corina,Shadwick
2794,Megen,Lorenc
3071,Shirlee,Murdoch
2581,Gwenette,Appleton
394,Roanne,Cowthard
2376,Eada,Narbett
410,Alicia,Townend
635,Joelle,Prior
1302,Ericka,Eggers
496,Korry,Cosgrove
1118,Colline,Coulman
2637,Marcile,Christley
2454,Gene,Brome
2872,Tabbi,Tyght
2914,Jessamine,Brazear
2998,Quintana,Housley
322,De,Denington
1118,Colline,Coulman
977,Olga,Dyke
2013,Marge,Girault
693,Bambi,Hebblethwaite
2274,Nada,Reinert
3482,Roch,Rilston
2641,Vina,Tackell
3008,Etta,Criag
3432,Max,Cloney
2109,Grazia,Vinson
2959,Max,Gonthier
2207,Junia,Gall
3287,Marys,Vazquez
3310,Bethany,Jarrell
901,Letta,McCarter
167,Nathalie,Tideswell
3055,Viki,Drache
465,Alina,Wilsey
602,Lebbie,Bruck
281,Jeanette,Sizzey
1947,Gretta,Patrone
3026,Minda,Pendrid
1302,Ericka,Eggers
252,Anthea,Ruskin
2850,Andie,Shorto
459,Bel,Cheeke
425,Michaeline,Bordman
1177,Bobbette,Pozzi
2507,Alysa,Galilee
1917,Raquela,Schimpke
1925,Amaleta,Dickens
1443,Angela,Mowles
602,Lebbie,Bruck
2082,Sybyl,Beekman
446,Marilee,Oosthout de Vree
2731,Meagan,Ferry
726,Norma,Blackbourn
416,Dory,Barnsdall
3129,Leola,Mandrier
1103,Glynnis,Sailor
1191,Merrielle,Vegas
2627,Hildegaard,Gennrich
1288,Abra,Cuardall
1695,Blanch,Leyshon
2661,Dorrie,Meaden
2914,Jessamine,Brazear
2331,Marybelle,Antal
2084,Britni,Menguy
2799,Ilysa,Palle
1549,Vikki,Tett
1725,Corena,Postlewhite
292,Gelya,Gerant
3218,Conny,Starbeck
3313,Kori,Antoshin
1039,Nona,Diamant
1177,Bobbette,Pozzi
167,Nathalie,Tideswell
1832,Elicia,Normanvill
1858,Gabriella,
959,Katharina,Jennins
1672,Sharla,Creebo
1483,Beth,Daile
1700,Rana,Streets
3477,Jaquelin,Leek
253,Amalee,Choak
1884,Aurore,Buckmaster
1440,Consuela,O'Logan
188,Audry,Seine
323,Celka,Goodrich
2923,Julie,Kennagh
2371,Rory,Lokier
2861,Cecelia,Franzini
199,Verla,Alven
3361,Riva,Yushin
153,Lorilyn,Walshe
2109,Grazia,Vinson
2885,Minnie,Rolley
2537,Peggi,Tolan
1430,Kalli,Pigeram
2547,Aili,Scruby
1961,Licha,Lyes
590,Ddene,Burleton
649,Krissie,Dinan
2016,Laraine,Merioth
1204,Trudy,Huffy
498,Emmalee,Sketcher
1182,Carolann,Ottiwill
2731,Meagan,Ferry
2966,Fredi,Aldhous
1714,Esma,Rycroft
3283,Rowe,Barbary
2755,Karen,La Wille
1103,Glynnis,Sailor
397,Nerissa,Foote
1098,Maure,Crow
723,Madelina,Marte
1443,Angela,Mowles
3113,Wenonah,Lethabridge
1190,Sib,Gilby
1646,Emmye,Flacke
649,Krissie,Dinan
517,Iona,Fidgeon
153,Lorilyn,Walshe
3141,Esmaria,Kiernan
1115,Merola,Stutard
1745,Leigha,Clawson
428,Freida,Everil
2427,Myrta,Whibley
2365,Lauretta,Furmonger
2590,Roslyn,Tewkesbury.
3484,Hedi,Mowday
2398,Mirelle,
1262,Aindrea,MacConchie
1725,Corena,Postlewhite
1155,Janetta,Hartrick
2843,Lorain,Danforth
2207,Junia,Gall
1103,Glynnis,Sailor
3037,Leanora,Isles
1223,Kristyn,
1296,Essy,Vondrak
1651,Idalina,
1672,Sharla,Creebo
2164,Toinette,Clementson
389,Dorene,Scrivner
2381,Dulsea,Pladen
2537,Peggi,Tolan
2321,Libbi,Freeberne
1758,Helli,Cooksley
3164,Hortensia,Rainger
2014,Sandye,Avraam
3344,Clerissa,Columbell
965,Meggie,Whitchurch
2427,Myrta,Whibley
1487,Kaela,Soppett
1116,Tori,Coche
2009,Neilla,Castrillo
1443,Angela,Mowles
2480,Adey,Shevlin
2371,Rory,Lokier
2542,Amanda,Leverington
3214,Cindelyn,Balas
871,Janka,Yesinin
367,Katrinka,Sturrock
2276,Stormy,Caveney
2438,Lorianne,Ethersey
2702,Saraann,Gilliard
3414,Winnifred,Zima
2361,Jeannette,Cerman
3374,Joann,Corrigan
3280,Micki,McNamara
498,Emmalee,Sketcher
523,Elberta,Tixall
1483,Beth,Daile
1718,Eada,Coaster
2194,Johnette,O'Fergus
3141,Esmaria,Kiernan
2484,Elise,Slimm
1039,Nona,Diamant
2381,Dulsea,Pladen
2872,Tabbi,Tyght
2130,Evangelina,Coxhell
1723,Atalanta,Stoeck
2212,Adrianne,Raoux
1985,Chrysler,Longstaffe
3482,Roch,Rilston
2229,Linette,Gotmann
1115,Merola,Stutard
963,Valery,Haresign
3489,Margo,Fletcher
2454,Gene,Brome
1480,Bird,Diess
1097,Gwenora,Grabbam
1679,Arabel,Kayser
1541,Dynah,Grimes
1871,Shayna,McQuin
2407,Merrily,
1871,Shayna,McQuin
2766,Rozanna,Chartman
1171,Ilise,Solloway
545,Alecia,Crosse
1060,Vanda,Boadby
3076,Merna,Eyers
2365,Lauretta,Furmonger
3353,Marina,Scorrer
1417,Micki,Russel
1858,Gabriella,
104,Odille,Panketh
675,Sharl,Wiggin
409,Tatiania,O'Kane
1524,Bonni,Drakers
1639,Marna,Showers
3120,Lauree,O'Donnell
1490,Lusa,Hargerie
2727,Kim,Gabbitis
3106,Yetty,Conneely
2633,Shayla,Colnett
3199,Florry,Neasam
2733,Jordanna,Skyme
1860,Holly-anne,Hamman
1150,Bernelle,Warwick
2297,Pauletta,Taffee
3353,Marina,Scorrer
1128,Kirsten,Longman
3253,Bernadine,Shakeshaft
252,Anthea,Ruskin
2233,Cassi,Killingworth
3065,Winna,Brusle
1677,Petrina,Pollins
1311,Sharona,Cunah
895,Juli,Curness
3296,Leontyne,Jackett
1839,Faythe,Rance
449,Shana,Fortesquieu
1807,Pollyanna,Serjeantson
1546,Natalya,Moscone
1784,Louella,O' Timony
1296,Essy,Vondrak
3432,Max,Cloney
1646,Emmye,Flacke
1115,Merola,Stutard
3489,Margo,Fletcher
1138,Elli,Loxdale
2396,Elmira,Wildblood
1502,Margalit,Handrick
2474,Chrysa,Burrett
299,Corabelle,Hartnell
1904,Nert,Muglestone
1438,Winifred,MacRonald
322,De,Denington
493,Tommie,Banbridge
955,Teresina,Gibbie
969,Jo,Mallinar
1524,Bonni,Drakers
1480,Bird,Diess
2194,Johnette,O'Fergus
2164,Toinette,Clementson
2465,Paloma,Nilles
3296,Leontyne,Jackett
853,Nolana,Rotter
1983,Kimberlee,Soonhouse
461,Jsandye,Melendez
247,Kristal,Joysey
3218,Conny,Starbeck
202,Audie,Pillinger
211,Beitris,
429,Berny,Bold
2816,Denys,Dumingos
1541,Dynah,Grimes
681,Jobyna,Elgey
2077,Tobe,Lindroos
1318,Barbe,Assender
479,Blythe,Keighley
2484,Elise,Slimm
2639,Mufi,O'Kielt
2507,Alysa,Galilee
1275,Francisca,Whittek
969,Jo,Mallinar
2096,Torrie,Smartman
1488,Donnamarie,Andrieu
3387,Shel,Duke
1745,Leigha,Clawson
2636,Carly,Struys
2432,Ebba,Melhuish
2164,Toinette,Clementson
1418,Valaria,Hugh
1711,Marie-jeanne,Mattson
2393,Dorian,Colledge
2046,Charis,Maas
3310,Bethany,Jarrell
3334,Koralle,Winckles
606,Filia,Rosson
2233,Cassi,Killingworth
3125,Krystyna,Scarasbrick
753,Josy,St. Quentin
1809,Reba,Southon
1233,Keeley,Hawsby
1191,Merrielle,Vegas
1892,Allyson,Pinsent
1541,Dynah,Grimes
3283,Rowe,Barbary
2918,Elli,
1532,Marty,Wiggall
2639,Mufi,O'Kielt
3338,Nata,Ozanne
465,Alina,Wilsey
1745,Leigha,Clawson
2013,Marge,Girault
1859,Melamie,Hardman
3471,Brita,Afonso
104,Odille,Panketh
3330,Tina,Pristnor
723,Madelina,Marte
1679,Arabel,Kayser
1533,Sonia,Rous
3221,Brigid,Quigley
1012,Anna-diane,Preddle
218,Stefa,Dunnan
2136,Heather,Golsworthy
2131,Nettle,Painter
2702,Saraann,Gilliard
3084,Birgit,Dowers
2682,Annamarie,Bouzan
3387,Shel,Duke
2398,Mirelle,
2615,Cordelia,
1913,Tamiko,Fergie
2861,Cecelia,Franzini
1169,Kessiah,Corden
3124,Anastasie,Le Grand
3199,Florry,Neasam
362,Jamima,Pirolini
3482,Roch,Rilston
1718,Eada,Coaster
1731,Aigneis,MacKall
3043,Kelcey,Argontt
3221,Brigid,Quigley
428,Freida,Everil
3184,Marlee,Brundle
851,Cammi,Tesmond
260,Farand,Marriner
2195,Nevsa,Taill
2637,Marcile,Christley
2723,Morganne,Smitham
2637,Marcile,Christley
1892,Allyson,Pinsent
2690,Sissie,Giordano
2132,Davina,Dougary
3249,Cortney,Leet
1861,Charlena,Muzzi
1860,Holly-anne,Hamman
2542,Amanda,Leverington
2898,Tiertza,Hilldrop
429,Berny,Bold
1659,Olva,Sheehy
3221,Brigid,Quigley
1271,Jo-anne,Pringer
2297,Pauletta,Taffee
3421,Ronalda,McGeechan
2799,Ilysa,Palle
2934,Candida,Hickenbottom
2402,Merrielle,Strafen
26,Trixi,Ginnelly
1197,Isobel,Lampett
2702,Saraann,Gilliard
1647,Ivory,Roscam
1718,Eada,Coaster
880,Neely,Lundon
2438,Lorianne,Ethersey
167,Nathalie,Tideswell
1262,Aindrea,MacConchie
965,Meggie,Whitchurch
2904,Freddi,Arrington
508,Abagail,Tordiffe
1188,Sally,Cominoli
2039,Laureen,Blower
421,Tish,Netti
2812,Molli,Hagergham
860,Ida,
1898,Katalin,Mantz
405,Vivien,Urion
2176,Josie,Gallemore
1039,Nona,Diamant
2714,Emmy,Jenton
1467,Alysia,Cantrill
478,Darcey,Harberer
1294,Cari,Worling
3456,Clovis,Ortsmann
1999,Raquel,Bamlett
3204,Ibby,Beedon
1672,Sharla,Creebo
299,Corabelle,Hartnell
614,Nonnah,Johns
3152,Lettie,McGenis
1982,Julee,Hallewell
2112,Aubrie,Glaum
3459,Emelda,Ramsdell
345,Tish,Oleksiak
585,Tiphany,Bonnier
478,Darcey,Harberer
3155,Tiphani,Fritz
446,Marilee,Oosthout de Vree
1177,Bobbette,Pozzi
554,Esmaria,Dobbison
1307,Emlyn,Musgrave
1982,Julee,Hallewell
2028,Cathy,Parmley
149,Drucy,Kausche
2112,Aubrie,Glaum
963,Valery,Haresign
26,Trixi,Ginnelly
2427,Myrta,Whibley
3484,Hedi,Mowday
1678,Dale,Hursey
2399,Devonne,McPolin
942,Shirley,Brook
272,Arlie,Crean
2130,Evangelina,Coxhell
2454,Gene,Brome
2596,Lexis,Deason
1418,Valaria,Hugh
768,Alexia,Wolford
1223,Kristyn,
363,Sabrina,Caddy
1495,Charmion,Dobsons
3406,Lucy,Lackmann
457,Querida,Danilchev
738,Bunnie,Whines
1103,Glynnis,Sailor
1288,Abra,Cuardall
2898,Tiertza,Hilldrop
211,Beitris,
2131,Nettle,Painter
3065,Winna,Brusle
585,Tiphany,Bonnier
3184,Marlee,Brundle
206,Mari,Chevolleau
1171,Ilise,Solloway
723,Madelina,Marte
2537,Peggi,Tolan
76,Rea,Hasser
1227,Carlina,Pencot
359,Dulcine,Gauson
2794,Megen,Lorenc
3023,Rikki,Bernet
1307,Emlyn,Musgrave
858,Barby,Charlwood
2534,Estelle,Lithgow
1491,Agneta,Swiggs
3070,Malissia,Minthorpe
2891,Renae,Ughetti
1705,Nelle,Haworth
1647,Ivory,Roscam
2731,Meagan,Ferry
2379,Trixie,Piscopiello
789,Gabrielle,Giraudot
2733,Jordanna,Skyme
2454,Gene,Brome
2253,Gracie,Kubacki
753,Josy,St. Quentin
2467,Ynez,Fawloe
1185,Xena,Rossbrooke
407,Chryste,Acum
1204,Trudy,Huffy
465,Alina,Wilsey
1767,Cicely,Millier
3412,Almira,Ethelstone
498,Emmalee,Sketcher
1488,Donnamarie,Andrieu
3084,Birgit,Dowers
3152,Lettie,McGenis
2427,Myrta,Whibley
2360,Karleen,McGenn
2616,Andee,Ormrod
1839,Faythe,Rance
3405,Gavra,Robez
2046,Charis,Maas
868,Effie,Duddy
1039,Nona,Diamant
3401,Cristie,
2856,Milissent,Deinert
1725,Corena,Postlewhite
2183,Jillie,Fyndon
1300,Sisely,Strelitzer
3477,Jaquelin,Leek
855,Bennie,Llywarch
2003,Lilli,Hargey
428,Freida,Everil
1176,Celia,Dockerty
2366,Idette,Mapam
429,Berny,Bold
1233,Keeley,Hawsby
2001,Mada,Martinho
2918,Elli,
2233,Cassi,Killingworth
3129,Leola,Mandrier
3442,Adrianne,Petrecz
789,Gabrielle,Giraudot
789,Gabrielle,Giraudot
359,Dulcine,Gauson
2683,Myrta,Rentilll
2132,Davina,Dougary
1009,Nolie,Orring
1023,Iseabal,Fullbrook
1410,Althea,Macvey
1465,Wilona,Osgood
3484,Hedi,Mowday
1697,Eddi,Mansbridge
1417,Micki,Russel
1995,Mabel,Sallter
2627,Hildegaard,Gennrich
1652,Ulrikaumeko,Heffernon
218,Stefa,Dunnan
1540,Ilene,Agett
1307,Emlyn,Musgrave
1961,Licha,Lyes
608,Alisun,Heinecke
1925,Amaleta,Dickens
2755,Karen,La Wille
345,Tish,Oleksiak
882,Esmaria,Lythgoe
2379,Trixie,Piscopiello
2345,Arden,Godard
2712,Carissa,Hassent
247,Kristal,Joysey
2959,Max,Gonthier
585,Tiphany,Bonnier
1501,Shelby,Trayhorn
461,Jsandye,Melendez
396,Peria,Iscowitz
2381,Dulsea,Pladen
345,Tish,Oleksiak
362,Jamima,Pirolini
2662,Louisette,Cullimore
2855,Kim,Tineman
2690,Sissie,Giordano
2537,Peggi,Tolan
1827,Stormie,Smyth
1858,Gabriella,
2202,Diannne,Neissen
1288,Abra,Cuardall
2683,Myrta,Rentilll
1098,Maure,Crow
2194,Johnette,O'Fergus
972,Dena,Crewdson
444,Britteny,Falconer-Taylor
1888,Sibyl,Scholtz
3344,Clerissa,Columbell
2641,Vina,Tackell
1982,Julee,Hallewell
3023,Rikki,Bernet
3485,Berthe,Ludwell
396,Peria,Iscowitz
3122,Cthrine,Orans
608,Alisun,Heinecke
977,Olga,Dyke
3258,Hettie,Godden
614,Nonnah,Johns
444,Britteny,Falconer-Taylor
243,Barbara,Croxley
2733,Jordanna,Skyme
76,Rea,Hasser
1547,Chiquita,Billyard
3330,Tina,Pristnor
1983,Kimberlee,Soonhouse
215,Debera,Foxworthy
2399,Devonne,McPolin
871,Janka,Yesinin
3003,Brita,Tupie
3003,Brita,Tupie
1827,Stormie,Smyth
3274,Tory,Dosdell
505,Wylma,Elsy
2639,Mufi,O'Kielt
2537,Peggi,Tolan
977,Olga,Dyke
2365,Lauretta,Furmonger
1767,Cicely,Millier
2380,Merissa,Milella
1761,Kassi,List
522,Lynnelle,Comettoi
2247,Gweneth,Wilkins
2465,Paloma,Nilles
2253,Gracie,Kubacki
1536,Tiffany,Fanshaw
508,Abagail,Tordiffe
2009,Neilla,Castrillo
625,Abra,Probets
1400,Rikki,Eytel
1952,Patrica,Donativo
1227,Carlina,Pencot
2565,Joannes,Harbron
2082,Sybyl,Beekman
2202,Diannne,Neissen
2530,Engracia,Foulcher
3061,Evie,Bendtsen
1695,Blanch,Leyshon
1636,Karly,Ackenhead
2641,Vina,Tackell
584,Fiona,Clines
1731,Aigneis,MacKall
1185,Xena,Rossbrooke
3109,Jeralee,Domleo
2132,Davina,Dougary
3283,Rowe,Barbary
1533,Sonia,Rous
1022,Suzann,Wilks
853,Nolana,Rotter
1546,Natalya,Moscone
635,Joelle,Prior
218,Stefa,Dunnan
3165,Vyky,Coppen
1153,Mirilla,Lothlorien
1985,Chrysler,Longstaffe
2145,Adrea,Quittonden
963,Valery,Haresign
882,Esmaria,Lythgoe
498,Emmalee,Sketcher
860,Ida,
2480,Adey,Shevlin
153,Lorilyn,Walshe
1286,Mina,Clawley
2627,Hildegaard,Gennrich
2695,Kippy,Heater
1451,Courtney,Meas
787,Norma,Batrim
793,Kissie,Delong
1524,Bonni,Drakers
2207,Junia,Gall
3120,Lauree,O'Donnell
974,Mellicent,Dollin
990,Melissa,Purple
2515,Manya,
1223,Kristyn,
538,Millicent,Wiffler
2844,Amie,Felgate
3314,Blakelee,Tassel
3251,Cammie,Edridge
2637,Marcile,Christley
3061,Evie,Bendtsen
3465,Hadria,Pizer
2777,Dita,Darlison
2633,Shayla,Colnett
1156,Breena,Risebrow
317,Elicia,Dahler
1608,Fernande,Petzolt
1039,Nona,Diamant
895,Juli,Curness
584,Fiona,Clines
248,Inger,Eskell
523,Elberta,Tixall
479,Blythe,Keighley
1807,Pollyanna,Serjeantson
2144,Maureene,Kingstne
3406,Lucy,Lackmann
1451,Courtney,Meas
815,Caryn,Sampey
1663,Analiese,Grimsditch
505,Wylma,Elsy
559,Erma,Vyel
3469,Arabele,Lantoph
871,Janka,Yesinin
1480,Bird,Diess
430,Janice,Himsworth
3191,Bobbette,Amps
2755,Karen,La Wille
2331,Marybelle,Antal
3258,Hettie,Godden
1672,Sharla,Creebo
868,Effie,Duddy
2044,Leyla,Eddington
1964,Cara,Campbell-Dunlop
2764,Callie,Coltart
1745,Leigha,Clawson
2009,Neilla,Castrillo
256,Linell,Beadle
2971,Esther,Caught
295,Lena,Chape
1098,Maure,Crow
3283,Rowe,Barbary
2812,Molli,Hagergham
1275,Francisca,Whittek
1913,Tamiko,Fergie
620,Willy,Langley
1908,Jaquelyn,Workman
281,Jeanette,Sizzey
545,Alecia,Crosse
1859,Melamie,Hardman
1227,Carlina,Pencot
969,Jo,Mallinar
2360,Karleen,McGenn
449,Shana,Fortesquieu
824,Fleurette,Whardley
1302,Ericka,Eggers
1191,Merrielle,Vegas
2273,Rhetta,Lambrook
2641,Vina,Tackell
738,Bunnie,Whines
815,Caryn,Sampey
718,Cathe,Lorriman
1705,Nelle,Haworth
2376,Eada,Narbett
1262,Aindrea,MacConchie
2650,Candice,Patriskson
2914,Jessamine,Brazear
3274,Tory,Dosdell
2467,Ynez,Fawloe
970,Kellyann,Hawton
2597,Carita,Kemwall
858,Barby,Charlwood
2565,Joannes,Harbron
517,Iona,Fidgeon
260,Farand,Marriner
3361,Riva,Yushin
1546,Natalya,Moscone
2307,Corina,Shadwick
1241,Lolly,Junkison
1275,Francisca,Whittek
3155,Tiphani,Fritz
718,Cathe,Lorriman
292,Gelya,Gerant
2856,Milissent,Deinert
2825,Tammara,Twigley
493,Tommie,Banbridge
877,Didi,Milne
447,Brittany,Peasey
2394,Ferne,Reese
2131,Nettle,Painter
260,Farand,Marriner
2183,Jillie,Fyndon
2565,Joannes,Harbron
367,Katrinka,Sturrock
1839,Faythe,Rance
2130,Evangelina,Coxhell
410,Alicia,Townend
3018,Ainsley,Nissle
345,Tish,Oleksiak
959,Katharina,Jennins
2194,Johnette,O'Fergus
211,Beitris,
933,Melany,L'oiseau
2441,Loutitia,Pinkie
1009,Nolie,Orring
2276,Stormy,Caveney
2141,Georgie,Bruggen
974,Mellicent,Dollin
2740,Godiva,Bulward
1307,Emlyn,Musgrave
397,Nerissa,Foote
1465,Wilona,Osgood
2183,Jillie,Fyndon
2857,Alanna,Geram
2237,Julia,Walden
955,Teresina,Gibbie
362,Jamima,Pirolini
508,Abagail,Tordiffe
2775,Dael,Glentz
1322,Kathye,Christie
149,Drucy,Kausche
2813,Lillian,Crookall
318,Libbie,Castelin
2565,Joannes,Harbron
853,Nolana,Rotter
851,Cammi,Tesmond
1457,Leonore,Slixby
1241,Lolly,Junkison
1737,Benny,Jammet
2304,Shelia,Bellew
2733,Jordanna,Skyme
2914,Jessamine,Brazear
3344,Clerissa,Columbell
164,Aarika,Van Vuuren
2307,Corina,Shadwick
478,Darcey,Harberer
1770,Chrysler,Vasile
2046,Charis,Maas
2396,Elmira,Wildblood
2164,Toinette,Clementson
1140,Deana,Rathbourne
1177,Bobbette,Pozzi
581,Brenna,Dacks
554,Esmaria,Dobbison
1947,Gretta,Patrone
1636,Karly,Ackenhead
3249,Cortney,Leet
2202,Diannne,Neissen
3109,Jeralee,Domleo
1430,Kalli,Pigeram
793,Kissie,Delong
361,Stephana,Minero
3338,Nata,Ozanne
3333,Celinda,Asher
1579,Madelaine,Siegertsz
359,Dulcine,Gauson
1788,Anna-diana,Kurten
2673,Esma,McOwen
1524,Bonni,Drakers
1457,Leonore,Slixby
2458,Leilah,Liddel
520,Jazmin,Neumann
1011,Cymbre,Janos
2321,Libbi,Freeberne
899,Teodora,Lawling
2813,Lillian,Crookall
963,Valery,Haresign
2659,Konstance,Elgey
2474,Chrysa,Burrett
2365,Lauretta,Furmonger
828,Darda,Kernocke
1568,Bellanca,Strutz
2013,Marge,Girault
2790,Shirleen,Shelsher
1888,Sibyl,Scholtz
2936,Pavia,Gethen
1547,Chiquita,Billyard
359,Dulcine,Gauson
1807,Pollyanna,Serjeantson
310,Myranda,Clowser
389,Dorene,Scrivner
2136,Heather,Golsworthy
868,Effie,Duddy
793,Kissie,Delong
3165,Vyky,Coppen
3104,Diahann,Blundan
2474,Chrysa,Burrett
1197,Isobel,Lampett
1440,Consuela,O'Logan
2936,Pavia,Gethen
590,Ddene,Burleton
970,Kellyann,Hawton
1989,Emalee,Guitel
2695,Kippy,Heater
1977,Myrtia,Paschke
1947,Gretta,Patrone
614,Nonnah,Johns
257,Marissa,
859,Devinne,Tommeo
1531,Evaleen,Pusey
2237,Julia,Walden
3341,Vitia,Crum
1296,Essy,Vondrak
1294,Cari,Worling
1791,Ninon,Van Der Hoog
1241,Lolly,Junkison
3122,Cthrine,Orans
3456,Clovis,Ortsmann
3251,Cammie,Edridge
1080,Monah,Talbot
1233,Keeley,Hawsby
310,Myranda,Clowser
2855,Kim,Tineman
1233,Keeley,Hawsby
1300,Sisely,Strelitzer
2695,Kippy,Heater
508,Abagail,Tordiffe
2201,Trisha,Basset
2799,Ilysa,Palle
3113,Wenonah,Lethabridge
2360,Karleen,McGenn
3122,Cthrine,Orans
361,Stephana,Minero
3055,Viki,Drache
2361,Jeannette,Cerman
2633,Shayla,Colnett
3477,Jaquelin,Leek
1758,Helli,Cooksley
3311,Clary,Bennitt
2939,Austina,Dugan
216,Cinderella,Parcall
1149,Ki,Odo
853,Nolana,Rotter
344,Carlene,Eyckelbeck
1663,Analiese,Grimsditch
3204,Ibby,Beedon
1467,Alysia,Cantrill
718,Cathe,Lorriman
2047,Kirsten,Slegg
2971,Esther,Caught
1659,Olva,Sheehy
966,Krystyna,Linning
1223,Kristyn,
359,Dulcine,Gauson
2658,Inger,Barnham
590,Ddene,Burleton
2936,Pavia,Gethen
686,Hallie,Le feaver
478,Darcey,Harberer
2844,Amie,Felgate
3184,Marlee,Brundle
1714,Esma,Rycroft
1457,Leonore,Slixby
317,Elicia,Dahler
1286,Mina,Clawley
2812,Molli,Hagergham
1862,Daron,Umpleby
1140,Deana,Rathbourne
3055,Viki,Drache
815,Caryn,Sampey
2164,Toinette,Clementson
2432,Ebba,Melhuish
2682,Annamarie,Bouzan
1532,Marty,Wiggall
2714,Emmy,Jenton
2517,Rozanna,Kegan
2224,Sydel,Seccombe
3484,Hedi,Mowday
3308,Daffi,Idale
1652,Ulrikaumeko,Heffernon
1307,Emlyn,Musgrave
2427,Myrta,Whibley
1457,Leonore,Slixby
2084,Britni,Menguy
2024,Elinor,Biggerstaff
1314,De,Eilhart
1758,Helli,Cooksley
2914,Jessamine,Brazear
463,Allis,Blanche
429,Berny,Bold
3334,Koralle,Winckles
457,Querida,Danilchev
2044,Leyla,Eddington
1573,Aurea,Reubens
1815,Bab,Bingall
1858,Gabriella,
2523,Lauree,Shewery
1320,Fae,
2379,Trixie,Piscopiello
317,Elicia,Dahler
359,Dulcine,Gauson
1982,Julee,Hallewell
1073,Elbertina,Donne
766,Nonna,Hun
2856,Milissent,Deinert
3274,Tory,Dosdell
465,Alina,Wilsey
1532,Marty,Wiggall
1579,Madelaine,Siegertsz
2488,Idalia,Braunton
2659,Konstance,Elgey
546,Jorie,Pigott
251,Mala,
3141,Esmaria,Kiernan
3432,Max,Cloney
584,Fiona,Clines
1466,Cyndia,Gull
1737,Benny,Jammet
3008,Etta,Criag
527,Lorilyn,Topaz
1636,Karly,Ackenhead
3065,Winna,Brusle
2727,Kim,Gabbitis
1115,Merola,Stutard
1610,Valaree,Chisolm
3432,Max,Cloney
1947,Gretta,Patrone
2183,Jillie,Fyndon
3055,Viki,Drache
1128,Kirsten,Longman
1653,Florry,Folbige
959,Katharina,Jennins
2501,Ora,Meaddowcroft
2530,Engracia,Foulcher
2831,Starlin,Aysh
1995,Mabel,Sallter
2488,Idalia,Braunton
785,Anthea,Guesford
2307,Corina,Shadwick
3152,Lettie,McGenis
1529,Tansy,Beltzner
614,Nonnah,Johns
2633,Shayla,Colnett
545,Alecia,Crosse
389,Dorene,Scrivner
2014,Sandye,Avraam
1412,Antonetta,Dumbrall
1171,Ilise,Solloway
449,Shana,Fortesquieu
2536,Aigneis,Brignall
425,Michaeline,Bordman
248,Inger,Eskell
1491,Agneta,Swiggs
2379,Trixie,Piscopiello
1311,Sharona,Cunah
3124,Anastasie,Le Grand
3310,Bethany,Jarrell
3419,Felipa,Guslon
1151,Brena,Amburgy
2609,Genvieve,Kobes
1502,Margalit,Handrick
955,Teresina,Gibbie
2006,Hyacinthia,Tuley
1673,Suzie,Dahle
2141,Georgie,Bruggen
3314,Blakelee,Tassel
2201,Trisha,Basset
1909,Drucill,Laurand
3401,Cristie,
1695,Blanch,Leyshon
2454,Gene,Brome
2755,Karen,La Wille
1410,Althea,Macvey
2009,Neilla,Castrillo
2229,Linette,Gotmann
894,Catie,Kibbey
3405,Gavra,Robez
2380,Merissa,Milella
3006,Ariel,Dillingston
3061,Evie,Bendtsen
3405,Gavra,Robez
2712,Carissa,Hassent
2501,Ora,Meaddowcroft
2695,Kippy,Heater
545,Alecia,Crosse
3406,Lucy,Lackmann
959,Katharina,Jennins
493,Tommie,Banbridge
2904,Freddi,Arrington
1191,Merrielle,Vegas
538,Millicent,Wiffler
2077,Tobe,Lindroos
3120,Lauree,O'Donnell
1318,Barbe,Assender
2366,Idette,Mapam
1318,Barbe,Assender
2376,Eada,Narbett
3442,Adrianne,Petrecz
446,Marilee,Oosthout de Vree
2825,Tammara,Twigley
2723,Morganne,Smitham
361,Stephana,Minero
1098,Maure,Crow
3221,Brigid,Quigley
1964,Cara,Campbell-Dunlop
853,Nolana,Rotter
1858,Gabriella,
323,Celka,Goodrich
768,Alexia,Wolford
3406,Lucy,Lackmann
2703,Peria,Amis
3387,Shel,Duke
785,Anthea,Guesford
1430,Kalli,Pigeram
2488,Idalia,Braunton
2755,Karen,La Wille
76,Rea,Hasser
2619,Lavinia,Niess
718,Cathe,Lorriman
2247,Gweneth,Wilkins
2381,Dulsea,Pladen
444,Britteny,Falconer-Taylor
517,Iona,Fidgeon
3387,Shel,Duke
1039,Nona,Diamant
2213,Jesse,Leyshon
2703,Peria,Amis
3296,Leontyne,Jackett
3065,Winna,Brusle
3436,Marget,Freeland
1490,Lusa,Hargerie
974,Mellicent,Dollin
3023,Rikki,Bernet
153,Lorilyn,Walshe
1858,Gabriella,
199,Verla,Alven
2733,Jordanna,Skyme
1985,Chrysler,Longstaffe
1723,Atalanta,Stoeck
2755,Karen,La Wille
2936,Pavia,Gethen
625,Abra,Probets
1400,Rikki,Eytel
1009,Nolie,Orring
2857,Alanna,Geram
1610,Valaree,Chisolm
3432,Max,Cloney
1548,Perla,Cortnay
1135,Mireielle,Avrasin
1438,Winifred,MacRonald
2998,Quintana,Housley
2872,Tabbi,Tyght
2233,Cassi,Killingworth
248,Inger,Eskell
421,Tish,Netti
2703,Peria,Amis
2534,Estelle,Lithgow
804,Henrietta,Seater
1646,Emmye,Flacke
590,Ddene,Burleton
1771,Zarah,Santello
425,Michaeline,Bordman
3154,Angil,Ellesmere
3043,Kelcey,Argontt
877,Didi,Milne
1241,Lolly,Junkison
1815,Bab,Bingall
2646,Jesselyn,Di Biaggi
590,Ddene,Burleton
3036,Windy,Orehead
2237,Julia,Walden
853,Nolana,Rotter
2016,Laraine,Merioth
2379,Trixie,Piscopiello
859,Devinne,Tommeo
2297,Pauletta,Taffee
1680,Loise,Austins
1724,Davita,Pristnor
1989,Emalee,Guitel
1430,Kalli,Pigeram
1908,Jaquelyn,Workman
1155,Janetta,Hartrick
104,Odille,Panketh
1646,Emmye,Flacke
1659,Olva,Sheehy
738,Bunnie,Whines
1443,Angela,Mowles
2885,Minnie,Rolley
3310,Bethany,Jarrell
407,Chryste,Acum
1533,Sonia,Rous
410,Alicia,Townend
1498,Janot,McGougan
1884,Aurore,Buckmaster
215,Debera,Foxworthy
1925,Amaleta,Dickens
1036,Randene,Ingle
3311,Clary,Bennitt
1223,Kristyn,
361,Stephana,Minero
1967,Nomi,
1678,Dale,Hursey
2914,Jessamine,Brazear
3283,Rowe,Barbary
681,Jobyna,Elgey
1610,Valaree,Chisolm
2144,Maureene,Kingstne
904,Kariotta,Ludman
1115,Merola,Stutard
2273,Rhetta,Lambrook
3104,Diahann,Blundan
1060,Vanda,Boadby
789,Gabrielle,Giraudot
3333,Celinda,Asher
355,Stacy,Gullane
1170,Lari,Rotte
1438,Winifred,MacRonald
167,Nathalie,Tideswell
2480,Adey,Shevlin
2914,Jessamine,Brazear
753,Josy,St. Quentin
421,Tish,Netti
323,Celka,Goodrich
2212,Adrianne,Raoux
1524,Bonni,Drakers
415,Conchita,Jeans
2501,Ora,Meaddowcroft
2799,Ilysa,Palle
2432,Ebba,Melhuish
581,Brenna,Dacks
1992,Shanta,Attrill
1536,Tiffany,Fanshaw
1296,Essy,Vondrak
2350,Lorinda,Malpass
2563,Perla,Sabatier
2195,Nevsa,Taill
2799,Ilysa,Palle
3113,Wenonah,Lethabridge
2537,Peggi,Tolan
2690,Sissie,Giordano
1731,Aigneis,MacKall
3348,Amanda,Hazeltine
1240,Pen,Earey
894,Catie,Kibbey
853,Nolana,Rotter
1940,Gabriellia,Coulter
2538,Jacinta,Petrillo
1917,Raquela,Schimpke
153,Lorilyn,Walshe
3165,Vyky,Coppen
3125,Krystyna,Scarasbrick
768,Alexia,Wolford
2009,Neilla,Castrillo
1892,Allyson,Pinsent
1608,Fernande,Petzolt
2659,Konstance,Elgey
3006,Ariel,Dillingston
2661,Dorrie,Meaden
1898,Katalin,Mantz
1417,Micki,Russel
2108,Michel,O'Halligan
1314,De,Eilhart
243,Barbara,Croxley
538,Millicent,Wiffler
2906,Ivory,MacKnocker
2934,Candida,Hickenbottom
299,Corabelle,Hartnell
2885,Minnie,Rolley
76,Rea,Hasser
557,Cassie,Morley
325,Anthia,Ghilardini
745,Dotty,Maylott
718,Cathe,Lorriman
211,Beitris,
3253,Bernadine,Shakeshaft
1182,Carolann,Ottiwill
1861,Charlena,Muzzi
1947,Gretta,Patrone
1467,Alysia,Cantrill
3251,Cammie,Edridge
256,Linell,Beadle
1035,Kara-lynn,Doddridge
216,Cinderella,Parcall
2813,Lillian,Crookall
2195,Nevsa,Taill
1059,Chantal,Plante
2484,Elise,Slimm
428,Freida,Everil
1077,Sheba,Este
2637,Marcile,Christley
2247,Gweneth,Wilkins
2194,Johnette,O'Fergus
443,Lauree,Leason
281,Jeanette,Sizzey
211,Beitris,
359,Dulcine,Gauson
1832,Elicia,Normanvill
2542,Amanda,Leverington
323,Celka,Goodrich
425,Michaeline,Bordman
2201,Trisha,Basset
828,Darda,Kernocke
2952,Cristy,McQuirter
1227,Carlina,Pencot
2484,Elise,Slimm
1410,Althea,Macvey
1307,Emlyn,Musgrave
2028,Cathy,Parmley
1731,Aigneis,MacKall
675,Sharl,Wiggin
1098,Maure,Crow
1636,Karly,Ackenhead
693,Bambi,Hebblethwaite
1562,Elset,Biasio
1913,Tamiko,Fergie
3084,Birgit,Dowers
3482,Roch,Rilston
2454,Gene,Brome
2028,Cathy,Parmley
766,Nonna,Hun
2360,Karleen,McGenn
1150,Bernelle,Warwick
322,De,Denington
389,Dorene,Scrivner
1860,Holly-anne,Hamman
1550,Nell,MacCafferky
1080,Monah,Talbot
3043,Kelcey,Argontt
333,Debbi,Doohey
2971,Esther,Caught
1415,Merilyn,Dikle
3246,Norene,Merle
1060,Vanda,Boadby
74,Pansy,Kiddie
2561,Elga,McWard
3141,Esmaria,Kiernan
1861,Charlena,Muzzi
2144,Maureene,Kingstne
2597,Carita,Kemwall
318,Libbie,Castelin
310,Myranda,Clowser
2590,Roslyn,Tewkesbury.
2517,Rozanna,Kegan
1480,Bird,Diess
479,Blythe,Keighley
3330,Tina,Pristnor
1483,Beth,Daile
3296,Leontyne,Jackett
2898,Tiertza,Hilldrop
828,Darda,Kernocke
1480,Bird,Diess
1989,Emalee,Guitel
3314,Blakelee,Tassel
1005,Kalila,Birtwistle
397,Nerissa,Foote
1036,Randene,Ingle
1487,Kaela,Soppett
2646,Jesselyn,Di Biaggi
2790,Shirleen,Shelsher
410,Alicia,Townend
3280,Micki,McNamara
1698,Christabella,Eldredge
1498,Janot,McGougan
3154,Angil,Ellesmere
1646,Emmye,Flacke
2658,Inger,Barnham
319,Madelle,Matteris
2297,Pauletta,Taffee
1904,Nert,Muglestone
2006,Hyacinthia,Tuley
1009,Nolie,Orring
1103,Glynnis,Sailor
1240,Pen,Earey
766,Nonna,Hun
1318,Barbe,Assender
942,Shirley,Brook
517,Iona,Fidgeon
2812,Molli,Hagergham
1724,Davita,Pristnor
3061,Evie,Bendtsen
1546,Natalya,Moscone
2212,Adrianne,Raoux
1176,Celia,Dockerty
963,Valery,Haresign
2001,Mada,Martinho
2454,Gene,Brome
2484,Elise,Slimm
1294,Cari,Worling
2523,Lauree,Shewery
566,Datha,McPheat
1659,Olva,Sheehy
1302,Ericka,Eggers
1999,Raquel,Bamlett
1658,Selina,Clow
2014,Sandye,Avraam
295,Lena,Chape
3120,Lauree,O'Donnell
429,Berny,Bold
1723,Atalanta,Stoeck
2402,Merrielle,Strafen
2366,Idette,Mapam
344,Carlene,Eyckelbeck
2515,Manya,
216,Cinderella,Parcall
428,Freida,Everil
1149,Ki,Odo
2164,Toinette,Clementson
2239,Jocelyne,Pasquale
2906,Ivory,MacKnocker
2321,Libbi,Freeberne
1011,Cymbre,Janos
477,Cheri,Hazeman
2542,Amanda,Leverington
3406,Lucy,Lackmann
1177,Bobbette,Pozzi
3374,Joann,Corrigan
1550,Nell,MacCafferky
446,Marilee,Oosthout de Vree
3419,Felipa,Guslon
718,Cathe,Lorriman
2082,Sybyl,Beekman
855,Bennie,Llywarch
2507,Alysa,Galilee
317,Elicia,Dahler
793,Kissie,Delong
785,Anthea,Guesford
3477,Jaquelin,Leek
566,Datha,McPheat
363,Sabrina,Caddy
2856,Milissent,Deinert
1711,Marie-jeanne,Mattson
2044,Leyla,Eddington
3113,Wenonah,Lethabridge
1897,Cosette,Callar
2199,Leigha,Ranger
520,Jazmin,Neumann
1412,Antonetta,Dumbrall
2766,Rozanna,Chartman
1138,Elli,Loxdale
2380,Merissa,Milella
2662,Louisette,Cullimore
1191,Merrielle,Vegas
1156,Breena,Risebrow
2399,Devonne,McPolin
2727,Kim,Gabbitis
2898,Tiertza,Hilldrop
3251,Cammie,Edridge
2636,Carly,Struys
1658,Selina,Clow
450,Myrlene,Rothwell
1698,Christabella,Eldredge
2144,Maureene,Kingstne
394,Roanne,Cowthard
344,Carlene,Eyckelbeck
871,Janka,Yesinin
2292,Christie,MacClure
1531,Evaleen,Pusey
1859,Melamie,Hardman
2202,Diannne,Neissen
1647,Ivory,Roscam
3249,Cortney,Leet
1320,Fae,
3489,Margo,Fletcher
3191,Bobbette,Amps
1531,Evaleen,Pusey
425,Michaeline,Bordman
462,Melany,Thorrington
1771,Zarah,Santello
2816,Denys,Dumingos
787,Norma,Batrim
2662,Louisette,Cullimore
2130,Evangelina,Coxhell
1440,Consuela,O'Logan
1677,Petrina,Pollins
2844,Amie,Felgate
1737,Benny,Jammet
1698,Christabella,Eldredge
1227,Carlina,Pencot
2013,Marge,Girault
2379,Trixie,Piscopiello
1411,Katrina,Coltart
3204,Ibby,Beedon
2396,Elmira,Wildblood
2590,Roslyn,Tewkesbury.
1400,Rikki,Eytel
1731,Aigneis,MacKall
3421,Ronalda,McGeechan
1771,Zarah,Santello
2994,Karlen,Iacovacci
1940,Gabriellia,Coulter
930,Evelina,Dinan
3191,Bobbette,Amps
824,Fleurette,Whardley
322,De,Denington
2775,Dael,Glentz
2194,Johnette,O'Fergus
3459,Emelda,Ramsdell
1443,Angela,Mowles
2361,Jeannette,Cerman
206,Mari,Chevolleau
2695,Kippy,Heater
553,Charlean,Fantone
1770,Chrysler,Vasile
3113,Wenonah,Lethabridge
2914,Jessamine,Brazear
1227,Carlina,Pencot
3218,Conny,Starbeck
2366,Idette,Mapam
1223,Kristyn,
3271,Daisi,Philip
2537,Peggi,Tolan
2702,Saraann,Gilliard
2616,Andee,Ormrod
2307,Corina,Shadwick
890,Tony,Cordsen
3221,Brigid,Quigley
2530,Engracia,Foulcher
416,Dory,Barnsdall
2304,Shelia,Bellew
1913,Tamiko,Fergie
557,Cassie,Morley
1815,Bab,Bingall
2039,Laureen,Blower
1302,Ericka,Eggers
1985,Chrysler,Longstaffe
1711,Marie-jeanne,Mattson
1151,Brena,Amburgy
1467,Alysia,Cantrill
1788,Anna-diana,Kurten
3113,Wenonah,Lethabridge
2615,Cordelia,
1410,Althea,Macvey
894,Catie,Kibbey
3164,Hortensia,Rainger
3313,Kori,Antoshin
1788,Anna-diana,Kurten
3344,Clerissa,Columbell
1097,Gwenora,Grabbam
295,Lena,Chape
3313,Kori,Antoshin
723,Madelina,Marte
322,De,Denington
3006,Ariel,Dillingston
2359,Merlina,Bream
1697,Eddi,Mansbridge
3393,Henrietta,Olexa
2825,Tammara,Twigley
871,Janka,Yesinin
1705,Nelle,Haworth
2597,Carita,Kemwall
3348,Amanda,Hazeltine
1579,Madelaine,Siegertsz
824,Fleurette,Whardley
1672,Sharla,Creebo
3421,Ronalda,McGeechan
3218,Conny,Starbeck
2331,Marybelle,Antal
590,Ddene,Burleton
1917,Raquela,Schimpke
2807,Lynna,Revens
726,Norma,Blackbourn
904,Kariotta,Ludman
2596,Lexis,Deason
3251,Cammie,Edridge
248,Inger,Eskell
2885,Minnie,Rolley
2850,Andie,Shorto
2723,Morganne,Smitham
1077,Sheba,Este
1568,Bellanca,Strutz
3251,Cammie,Edridge
257,Marissa,
447,Brittany,Peasey
3061,Evie,Bendtsen
2131,Nettle,Painter
2044,Leyla,Eddington
2237,Julia,Walden
359,Dulcine,Gauson
1169,Kessiah,Corden
1897,Cosette,Callar
2465,Paloma,Nilles
2001,Mada,Martinho
868,Effie,Duddy
545,Alecia,Crosse
942,Shirley,Brook
2359,Merlina,Bream
3055,Viki,Drache
2902,Stacia,Gritsaev
2682,Annamarie,Bouzan
1672,Sharla,Creebo
2304,Shelia,Bellew
620,Willy,Langley
1913,Tamiko,Fergie
2673,Esma,McOwen
2906,Ivory,MacKnocker
1678,Dale,Hursey
1858,Gabriella,
3154,Angil,Ellesmere
450,Myrlene,Rothwell
2216,Clarinda,Woffinden
2213,Jesse,Leyshon
1438,Winifred,MacRonald
1677,Petrina,Pollins
1140,Deana,Rathbourne
2650,Candice,Patriskson
3296,Leontyne,Jackett
2247,Gweneth,Wilkins
3221,Brigid,Quigley
2001,Mada,Martinho
1430,Kalli,Pigeram
625,Abra,Probets
1985,Chrysler,Longstaffe
553,Charlean,Fantone
1908,Jaquelyn,Workman
3184,Marlee,Brundle
2794,Megen,Lorenc
2662,Louisette,Cullimore
3252,Alexia,McTerrelly
3018,Ainsley,Nissle
1952,Patrica,Donativo
188,Audry,Seine
963,Valery,Haresign
2013,Marge,Girault
1909,Drucill,Laurand
930,Evelina,Dinan
1438,Winifred,MacRonald
1540,Ilene,Agett
1807,Pollyanna,Serjeantson
1646,Emmye,Flacke
428,Freida,Everil
2458,Leilah,Liddel
3485,Berthe,Ludwell
2173,Gracia,McAteer
2016,Laraine,Merioth
1149,Ki,Odo
2987,Riane,Schultes
2994,Karlen,Iacovacci
2581,Gwenette,Appleton
1995,Mabel,Sallter
1791,Ninon,Van Der Hoog
590,Ddene,Burleton
2216,Clarinda,Woffinden
522,Lynnelle,Comettoi
1917,Raquela,Schimpke
1533,Sonia,Rous
2465,Paloma,Nilles
2474,Chrysa,Burrett
1680,Loise,Austins
990,Melissa,Purple
1227,Carlina,Pencot
2530,Engracia,Foulcher
3122,Cthrine,Orans
1888,Sibyl,Scholtz
899,Teodora,Lawling
410,Alicia,Townend
2563,Perla,Sabatier
1443,Angela,Mowles
3104,Diahann,Blundan
2872,Tabbi,Tyght
963,Valery,Haresign
1103,Glynnis,Sailor
1233,Keeley,Hawsby
1501,Shelby,Trayhorn
3008,Etta,Criag
218,Stefa,Dunnan
1871,Shayna,McQuin
1302,Ericka,Eggers
3459,Emelda,Ramsdell
584,Fiona,Clines
1573,Aurea,Reubens
498,Emmalee,Sketcher
1862,Daron,Umpleby
1155,Janetta,Hartrick
1440,Consuela,O'Logan
3003,Brita,Tupie
2109,Grazia,Vinson
2755,Karen,La Wille
858,Barby,Charlwood
2831,Starlin,Aysh
1869,Neda,Longfellow
1871,Shayna,McQuin
1533,Sonia,Rous
1836,Rochella,Harce
3334,Koralle,Winckles
3456,Clovis,Ortsmann
1050,Marjie,Ghion
2013,Marge,Girault
2727,Kim,Gabbitis
2201,Trisha,Basset
2740,Godiva,Bulward
1182,Carolann,Ottiwill
1734,Adriana,Cullerne
310,Myranda,Clowser
1418,Valaria,Hugh
1796,Cayla,Marcus
2211,Carmelita,Matuskiewicz
1758,Helli,Cooksley
323,Celka,Goodrich
407,Chryste,Acum
149,Drucy,Kausche
2202,Diannne,Neissen
211,Beitris,
505,Wylma,Elsy
3387,Shel,Duke
3125,Krystyna,Scarasbrick
2026,Anabelle,Rogerson
2237,Julia,Walden
871,Janka,Yesinin
248,Inger,Eskell
317,Elicia,Dahler
3214,Cindelyn,Balas
2633,Shayla,Colnett
1098,Maure,Crow
1758,Helli,Cooksley
2212,Adrianne,Raoux
2723,Morganne,Smitham
2006,Hyacinthia,Tuley
2936,Pavia,Gethen
3008,Etta,Criag
2393,Dorian,Colledge
1314,De,Eilhart
3249,Cortney,Leet
1924,Eolande,Kauscher
2615,Cordelia,
1761,Kassi,List
1140,Deana,Rathbourne
216,Cinderella,Parcall
3221,Brigid,Quigley
462,Melany,Thorrington
608,Alisun,Heinecke
1711,Marie-jeanne,Mattson
1128,Kirsten,Longman
76,Rea,Hasser
1714,Esma,Rycroft
1400,Rikki,Eytel
216,Cinderella,Parcall
3155,Tiphani,Fritz
1982,Julee,Hallewell
1695,Blanch,Leyshon
310,Myranda,Clowser
590,Ddene,Burleton
2702,Saraann,Gilliard
2013,Marge,Girault
2812,Molli,Hagergham
1807,Pollyanna,Serjeantson
2771,Jamie,Gildersleeve
1176,Celia,Dockerty
965,Meggie,Whitchurch
3204,Ibby,Beedon
877,Didi,Milne
1678,Dale,Hursey
3164,Hortensia,Rainger
457,Querida,Danilchev
2843,Lorain,Danforth
2712,Carissa,Hassent
3246,Norene,Merle
1547,Chiquita,Billyard
933,Melany,L'oiseau
1498,Janot,McGougan
3104,Diahann,Blundan
1411,Katrina,Coltart
2537,Peggi,Tolan
407,Chryste,Acum
35,Margaretha,Strettle
2194,Johnette,O'Fergus
1531,Evaleen,Pusey
1151,Brena,Amburgy
990,Melissa,Purple
360,Atalanta,Starbucke
768,Alexia,Wolford
1705,Nelle,Haworth
3251,Cammie,Edridge
2538,Jacinta,Petrillo
1677,Petrina,Pollins
2082,Sybyl,Beekman
1467,Alysia,Cantrill
1549,Vikki,Tett
1502,Margalit,Handrick
894,Catie,Kibbey
1925,Amaleta,Dickens
1610,Valaree,Chisolm
2646,Jesselyn,Di Biaggi
3296,Leontyne,Jackett
2633,Shayla,Colnett
409,Tatiania,O'Kane
1022,Suzann,Wilks
1322,Kathye,Christie
463,Allis,Blanche
3152,Lettie,McGenis
2371,Rory,Lokier
461,Jsandye,Melendez
3252,Alexia,McTerrelly
303,Shane,Smetoun
1832,Elicia,Normanvill
362,Jamima,Pirolini
2523,Lauree,Shewery
322,De,Denington
1171,Ilise,Solloway
1985,Chrysler,Longstaffe
2131,Nettle,Painter
1501,Shelby,Trayhorn
2253,Gracie,Kubacki
3482,Roch,Rilston
3113,Wenonah,Lethabridge
1964,Cara,Campbell-Dunlop
1415,Merilyn,Dikle
1947,Gretta,Patrone
2379,Trixie,Piscopiello
3280,Micki,McNamara
363,Sabrina,Caddy
3421,Ronalda,McGeechan
1548,Perla,Cortnay
188,Audry,Seine
2960,Hollie,MacEllen
344,Carlene,Eyckelbeck
2109,Grazia,Vinson
444,Britteny,Falconer-Taylor
3184,Marlee,Brundle
520,Jazmin,Neumann
2501,Ora,Meaddowcroft
1832,Elicia,Normanvill
606,Filia,Rosson
3204,Ibby,Beedon
465,Alina,Wilsey
890,Tony,Cordsen
1672,Sharla,Creebo
2581,Gwenette,Appleton
2183,Jillie,Fyndon
1524,Bonni,Drakers
1035,Kara-lynn,Doddridge
3113,Wenonah,Lethabridge
319,Madelle,Matteris
394,Roanne,Cowthard
472,Kippy,Jessel
2176,Josie,Gallemore
253,Amalee,Choak
2683,Myrta,Rentilll
447,Brittany,Peasey
3070,Malissia,Minthorpe
3449,Ilyssa,Hannabuss
3436,Marget,Freeland
260,Farand,Marriner
1080,Monah,Talbot
215,Debera,Foxworthy
2014,Sandye,Avraam
1861,Charlena,Muzzi
2427,Myrta,Whibley
1410,Althea,Macvey
3253,Bernadine,Shakeshaft
2857,Alanna,Geram
1248,Genia,Bartel
443,Lauree,Leason
3246,Norene,Merle
2096,Torrie,Smartman
2816,Denys,Dumingos
2740,Godiva,Bulward
2904,Freddi,Arrington
2733,Jordanna,Skyme
2141,Georgie,Bruggen
3330,Tina,Pristnor
2609,Genvieve,Kobes
2024,Elinor,Biggerstaff
1140,Deana,Rathbourne
1502,Margalit,Handrick
2006,Hyacinthia,Tuley
1917,Raquela,Schimpke
2895,Lind,Mc Ilory
362,Jamima,Pirolini
2538,Jacinta,Petrillo
1745,Leigha,Clawson
3436,Marget,Freeland
2872,Tabbi,Tyght
2429,Emeline,Baldi
3258,Hettie,Godden
243,Barbara,Croxley
1191,Merrielle,Vegas
2609,Genvieve,Kobes
1714,Esma,Rycroft
793,Kissie,Delong
3436,Marget,Freeland
3221,Brigid,Quigley
3311,Clary,Bennitt
2130,Evangelina,Coxhell
218,Stefa,Dunnan
965,Meggie,Whitchurch
1678,Dale,Hursey
1652,Ulrikaumeko,Heffernon
2766,Rozanna,Chartman
1302,Ericka,Eggers
955,Teresina,Gibbie
2292,Christie,MacClure
2199,Leigha,Ranger
1568,Bellanca,Strutz
2538,Jacinta,Petrillo
1897,Cosette,Callar
3341,Vitia,Crum
1992,Shanta,Attrill
3271,Daisi,Philip
2987,Riane,Schultes
1892,Allyson,Pinsent
104,Odille,Panketh
1839,Faythe,Rance
3489,Margo,Fletcher
188,Audry,Seine
164,Aarika,Van Vuuren
538,Millicent,Wiffler
667,Nicoline,Samwayes
2661,Dorrie,Meaden
2850,Andie,Shorto
990,Melissa,Purple
2132,Davina,Dougary
1170,Lari,Rotte
1677,Petrina,Pollins
1909,Drucill,Laurand
462,Melany,Thorrington
2523,Lauree,Shewery
2646,Jesselyn,Di Biaggi
602,Lebbie,Bruck
3043,Kelcey,Argontt
3120,Lauree,O'Donnell
3041,Sherrie,Kingaby
969,Jo,Mallinar
498,Emmalee,Sketcher
559,Erma,Vyel
546,Jorie,Pigott
2500,Micky,Livings
894,Catie,Kibbey
407,Chryste,Acum
498,Emmalee,Sketcher
1982,Julee,Hallewell
2561,Elga,McWard
1869,Neda,Longfellow
206,Mari,Chevolleau
2538,Jacinta,Petrillo
3018,Ainsley,Nissle
2850,Andie,Shorto
363,Sabrina,Caddy
2547,Aili,Scruby
2843,Lorain,Danforth
1531,Evaleen,Pusey
409,Tatiania,O'Kane
3465,Hadria,Pizer
167,Nathalie,Tideswell
2964,Geneva,McCrystal
3129,Leola,Mandrier
3037,Leanora,Isles
1097,Gwenora,Grabbam
2966,Fredi,Aldhous
1438,Winifred,MacRonald
2984,Frances,Mishaw
2615,Cordelia,
3287,Marys,Vazquez
1103,Glynnis,Sailor
215,Debera,Foxworthy
295,Lena,Chape
2530,Engracia,Foulcher
1547,Chiquita,Billyard
1546,Natalya,Moscone
2523,Lauree,Shewery
899,Teodora,Lawling
3061,Evie,Bendtsen
753,Josy,St. Quentin
2637,Marcile,Christley
496,Korry,Cosgrove
3003,Brita,Tupie
447,Brittany,Peasey
3037,Leanora,Isles
977,Olga,Dyke
1531,Evaleen,Pusey
2233,Cassi,Killingworth
1150,Bernelle,Warwick
2371,Rory,Lokier
1672,Sharla,Creebo
478,Darcey,Harberer
1573,Aurea,Reubens
1457,Leonore,Slixby
2465,Paloma,Nilles
1663,Analiese,Grimsditch
2345,Arden,Godard
2534,Estelle,Lithgow
1917,Raquela,Schimpke
1964,Cara,Campbell-Dunlop
2861,Cecelia,Franzini
2480,Adey,Shevlin
1827,Stormie,Smyth
1300,Sisely,Strelitzer
523,Elberta,Tixall
2199,Leigha,Ranger
2239,Jocelyne,Pasquale
1952,Patrica,Donativo
3252,Alexia,McTerrelly
517,Iona,Fidgeon
2596,Lexis,Deason
253,Amalee,Choak
1672,Sharla,Creebo
3280,Micki,McNamara
1483,Beth,Daile
933,Melany,L'oiseau
517,Iona,Fidgeon
3008,Etta,Criag
2934,Candida,Hickenbottom
3401,Cristie,
322,De,Denington
2712,Carissa,Hassent
2046,Charis,Maas
2432,Ebba,Melhuish
2050,Opal,Costa
2641,Vina,Tackell
2702,Saraann,Gilliard
2050,Opal,Costa
2661,Dorrie,Meaden
2934,Candida,Hickenbottom
2467,Ynez,Fawloe
463,Allis,Blanche
3003,Brita,Tupie
1467,Alysia,Cantrill
299,Corabelle,Hartnell
3401,Cristie,
1698,Christabella,Eldredge
2816,Denys,Dumingos
553,Charlean,Fantone
1411,Katrina,Coltart
2016,Laraine,Merioth
325,Anthia,Ghilardini
206,Mari,Chevolleau
2885,Minnie,Rolley
1169,Kessiah,Corden
1725,Corena,Postlewhite
1156,Breena,Risebrow
429,Berny,Bold
463,Allis,Blanche
1190,Sib,Gilby
3405,Gavra,Robez
1633,Ashia,Muzzi
1788,Anna-diana,Kurten
1155,Janetta,Hartrick
2243,Lena,Cronshaw
243,Barbara,Croxley
606,Filia,Rosson
1549,Vikki,Tett
3361,Riva,Yushin
1045,Aeriel,Everest
3296,Leontyne,Jackett
963,Valery,Haresign
2359,Merlina,Bream
1892,Allyson,Pinsent
3405,Gavra,Robez
2650,Candice,Patriskson
2637,Marcile,Christley
3109,Jeralee,Domleo
1140,Deana,Rathbourne
2001,Mada,Martinho
3465,Hadria,Pizer
2984,Frances,Mishaw
344,Carlene,Eyckelbeck
2914,Jessamine,Brazear
1745,Leigha,Clawson
3165,Vyky,Coppen
2952,Cristy,McQuirter
74,Pansy,Kiddie
766,Nonna,Hun
252,Anthea,Ruskin
164,Aarika,Van Vuuren
667,Nicoline,Samwayes
2274,Nada,Reinert
659,Natalee,Stringman
3249,Cortney,Leet
585,Tiphany,Bonnier
1791,Ninon,Van Der Hoog
1549,Vikki,Tett
2740,Godiva,Bulward
478,Darcey,Harberer
681,Jobyna,Elgey
3041,Sherrie,Kingaby
1992,Shanta,Attrill
360,Atalanta,Starbucke
259,Venita,Dymick
2904,Freddi,Arrington
2627,Hildegaard,Gennrich
2438,Lorianne,Ethersey
2212,Adrianne,Raoux
998,Petunia,Dufton
443,Lauree,Leason
1925,Amaleta,Dickens
1116,Tori,Coche
2936,Pavia,Gethen
2006,Hyacinthia,Tuley
1241,Lolly,Junkison
3477,Jaquelin,Leek
256,Linell,Beadle
602,Lebbie,Bruck
2176,Josie,Gallemore
2141,Georgie,Bruggen
2563,Perla,Sabatier
858,Barby,Charlwood
1483,Beth,Daile
2201,Trisha,Basset
2183,Jillie,Fyndon
2565,Joannes,Harbron
416,Dory,Barnsdall
2662,Louisette,Cullimore
606,Filia,Rosson
3199,Florry,Neasam
3374,Joann,Corrigan
815,Caryn,Sampey
2013,Marge,Girault
2144,Maureene,Kingstne
1967,Nomi,
1415,Merilyn,Dikle
1227,Carlina,Pencot
963,Valery,Haresign
890,Tony,Cordsen
457,Querida,Danilchev
3162,Deanne,Delacour
415,Conchita,Jeans
581,Brenna,Dacks
538,Millicent,Wiffler
2658,Inger,Barnham
2831,Starlin,Aysh
446,Marilee,Oosthout de Vree
2609,Genvieve,Kobes
2297,Pauletta,Taffee
2960,Hollie,MacEllen
1536,Tiffany,Fanshaw
3421,Ronalda,McGeechan
2918,Elli,
1884,Aurore,Buckmaster
2359,Merlina,Bream
2714,Emmy,Jenton
1318,Barbe,Assender
789,Gabrielle,Giraudot
2024,Elinor,Biggerstaff
1952,Patrica,Donativo
1314,De,Eilhart
1546,Natalya,Moscone
2731,Meagan,Ferry
789,Gabrielle,Giraudot
3330,Tina,Pristnor
1169,Kessiah,Corden
303,Shane,Smetoun
1170,Lari,Rotte
292,Gelya,Gerant
1809,Reba,Southon
1155,Janetta,Hartrick
1758,Helli,Cooksley
1400,Rikki,Eytel
3333,Celinda,Asher
2590,Roslyn,Tewkesbury.
318,Libbie,Castelin
407,Chryste,Acum
1952,Patrica,Donativo
1947,Gretta,Patrone
1672,Sharla,Creebo
614,Nonnah,Johns
2517,Rozanna,Kegan
479,Blythe,Keighley
3006,Ariel,Dillingston
1241,Lolly,Junkison
620,Willy,Langley
1171,Ilise,Solloway
2359,Merlina,Bream
3204,Ibby,Beedon
2112,Aubrie,Glaum
3026,Minda,Pendrid
2379,Trixie,Piscopiello
3003,Brita,Tupie
3465,Hadria,Pizer
2637,Marcile,Christley
2658,Inger,Barnham
1952,Patrica,Donativo
3353,Marina,Scorrer
2183,Jillie,Fyndon
3152,Lettie,McGenis
3401,Cristie,
1659,Olva,Sheehy
2633,Shayla,Colnett
3405,Gavra,Robez
1898,Katalin,Mantz
355,Stacy,Gullane
1067,Berri,Cotillard
3164,Hortensia,Rainger
553,Charlean,Fantone
465,Alina,Wilsey
2207,Junia,Gall
974,Mellicent,Dollin
1191,Merrielle,Vegas
3471,Brita,Afonso
3003,Brita,Tupie
444,Britteny,Falconer-Taylor
2673,Esma,McOwen
104,Odille,Panketh
1045,Aeriel,Everest
3333,Celinda,Asher
2537,Peggi,Tolan
969,Jo,Mallinar
998,Petunia,Dufton
1320,Fae,
3199,Florry,Neasam
1869,Neda,Longfellow
3258,Hettie,Godden
3065,Winna,Brusle
1888,Sibyl,Scholtz
1532,Marty,Wiggall
828,Darda,Kernocke
2673,Esma,McOwen
1673,Suzie,Dahle
1952,Patrica,Donativo
3387,Shel,Duke
2044,Leyla,Eddington
1275,Francisca,Whittek
447,Brittany,Peasey
1653,Florry,Folbige
2262,Nyssa,Banister
1983,Kimberlee,Soonhouse
272,Arlie,Crean
2213,Jesse,Leyshon
785,Anthea,Guesford
2966,Fredi,Aldhous
1233,Keeley,Hawsby
554,Esmaria,Dobbison
1501,Shelby,Trayhorn
933,Melany,L'oiseau
1898,Katalin,Mantz
1947,Gretta,Patrone
2923,Julie,Kennagh
2243,Lena,Cronshaw
281,Jeanette,Sizzey
553,Charlean,Fantone
2474,Chrysa,Burrett
966,Krystyna,Linning
2229,Linette,Gotmann
1784,Louella,O' Timony
1300,Sisely,Strelitzer
1098,Maure,Crow
345,Tish,Oleksiak
2047,Kirsten,Slegg
1182,Carolann,Ottiwill
1734,Adriana,Cullerne
3280,Micki,McNamara
659,Natalee,Stringman
2662,Louisette,Cullimore
2262,Nyssa,Banister
463,Allis,Blanche
2960,Hollie,MacEllen
2304,Shelia,Bellew
1711,Marie-jeanne,Mattson
2825,Tammara,Twigley
1761,Kassi,List
1910,Yovonnda,Warrior
253,Amalee,Choak
355,Stacy,Gullane
1652,Ulrikaumeko,Heffernon
546,Jorie,Pigott
2515,Manya,
2683,Myrta,Rentilll
2144,Maureene,Kingstne
3353,Marina,Scorrer
836,Clemence,Vautre
933,Melany,L'oiseau
1050,Marjie,Ghion
1992,Shanta,Attrill
1451,Courtney,Meas
1698,Christabella,Eldredge
2536,Aigneis,Brignall
1411,Katrina,Coltart
1050,Marjie,Ghion
523,Elberta,Tixall
793,Kissie,Delong
1678,Dale,Hursey
1947,Gretta,Patrone
1440,Consuela,O'Logan
3204,Ibby,Beedon
1005,Kalila,Birtwistle
1190,Sib,Gilby
1788,Anna-diana,Kurten
2132,Davina,Dougary
2534,Estelle,Lithgow
2939,Austina,Dugan
1050,Marjie,Ghion
2026,Anabelle,Rogerson
3485,Berthe,Ludwell
2740,Godiva,Bulward
1651,Idalina,
1647,Ivory,Roscam
1784,Louella,O' Timony
3330,Tina,Pristnor
449,Shana,Fortesquieu
1547,Chiquita,Billyard
2723,Morganne,Smitham
3122,Cthrine,Orans
1909,Drucill,Laurand
3191,Bobbette,Amps
2615,Cordelia,
2345,Arden,Godard
868,Effie,Duddy
252,Anthea,Ruskin
3387,Shel,Duke
3051,Edi,Lugton
1646,Emmye,Flacke
325,Anthia,Ghilardini
2914,Jessamine,Brazear
199,Verla,Alven
1745,Leigha,Clawson
2304,Shelia,Bellew
1673,Suzie,Dahle
421,Tish,Netti
1908,Jaquelyn,Workman
1652,Ulrikaumeko,Heffernon
3341,Vitia,Crum
3338,Nata,Ozanne
1480,Bird,Diess
2361,Jeannette,Cerman
2565,Joannes,Harbron
1678,Dale,Hursey
1745,Leigha,Clawson
768,Alexia,Wolford
2615,Cordelia,
2659,Konstance,Elgey
2429,Emeline,Baldi
3432,Max,Cloney
1150,Bernelle,Warwick
35,Margaretha,Strettle
1540,Ilene,Agett
1767,Cicely,Millier
472,Kippy,Jessel
394,Roanne,Cowthard
3141,Esmaria,Kiernan
1300,Sisely,Strelitzer
859,Devinne,Tommeo
2733,Jordanna,Skyme
1770,Chrysler,Vasile
1964,Cara,Campbell-Dunlop
1155,Janetta,Hartrick
3061,Evie,Bendtsen
2789,Violetta,Bucksey
1982,Julee,Hallewell
3154,Angil,Ellesmere
2895,Lind,Mc Ilory
2563,Perla,Sabatier
793,Kissie,Delong
2777,Dita,Darlison
2039,Laureen,Blower
894,Catie,Kibbey
877,Didi,Milne
787,Norma,Batrim
3104,Diahann,Blundan
1115,Merola,Stutard
472,Kippy,Jessel
1320,Fae,
292,Gelya,Gerant
2077,Tobe,Lindroos
2816,Denys,Dumingos
3106,Yetty,Conneely
1815,Bab,Bingall
2016,Laraine,Merioth
1438,Winifred,MacRonald
76,Rea,Hasser
3465,Hadria,Pizer
3465,Hadria,Pizer
2813,Lillian,Crookall
1700,Rana,Streets
1438,Winifred,MacRonald
319,Madelle,Matteris
2361,Jeannette,Cerman
1636,Karly,Ackenhead
620,Willy,Langley
188,Audry,Seine
2766,Rozanna,Chartman
2001,Mada,Martinho
2861,Cecelia,Franzini
1103,Glynnis,Sailor
1171,Ilise,Solloway
2380,Merissa,Milella
2273,Rhetta,Lambrook
2194,Johnette,O'Fergus
2350,Lorinda,Malpass
1414,Allison,Clowton
2639,Mufi,O'Kielt
738,Bunnie,Whines
272,Arlie,Crean
1077,Sheba,Este
1999,Raquel,Bamlett
793,Kissie,Delong
1050,Marjie,Ghion
3482,Roch,Rilston
2307,Corina,Shadwick
2857,Alanna,Geram
1197,Isobel,Lampett
2360,Karleen,McGenn
2764,Callie,Coltart
620,Willy,Langley
211,Beitris,
1286,Mina,Clawley
429,Berny,Bold
2771,Jamie,Gildersleeve
76,Rea,Hasser
2536,Aigneis,Brignall
2703,Peria,Amis
2816,Denys,Dumingos
726,Norma,Blackbourn
2273,Rhetta,Lambrook
2844,Amie,Felgate
472,Kippy,Jessel
2891,Renae,Ughetti
753,Josy,St. Quentin
361,Stephana,Minero
2465,Paloma,Nilles
1302,Ericka,Eggers
3442,Adrianne,Petrecz
1050,Marjie,Ghion
256,Linell,Beadle
2662,Louisette,Cullimore
895,Juli,Curness
272,Arlie,Crean
546,Jorie,Pigott
625,Abra,Probets
1832,Elicia,Normanvill
3436,Marget,Freeland
2794,Megen,Lorenc
2538,Jacinta,Petrillo
2695,Kippy,Heater
1678,Dale,Hursey
1862,Daron,Umpleby
2292,Christie,MacClure
3251,Cammie,Edridge
1770,Chrysler,Vasile
2789,Violetta,Bucksey
3361,Riva,Yushin
699,Mirabella,Richter
2207,Junia,Gall
3465,Hadria,Pizer
974,Mellicent,Dollin
2523,Lauree,Shewery
1700,Rana,Streets
2009,Neilla,Castrillo
2816,Denys,Dumingos
2195,Nevsa,Taill
620,Willy,Langley
1169,Kessiah,Corden
1827,Stormie,Smyth
2597,Carita,Kemwall
1884,Aurore,Buckmaster
1451,Courtney,Meas
2350,Lorinda,Malpass
2816,Denys,Dumingos
394,Roanne,Cowthard
2109,Grazia,Vinson
2723,Morganne,Smitham
1118,Colline,Coulman
1415,Merilyn,Dikle
3104,Diahann,Blundan
1036,Randene,Ingle
2380,Merissa,Milella
882,Esmaria,Lythgoe
2733,Jordanna,Skyme
3333,Celinda,Asher
2331,Marybelle,Antal
1011,Cymbre,Janos
1012,Anna-diane,Preddle
1809,Reba,Southon
3120,Lauree,O'Donnell
3353,Marina,Scorrer
785,Anthea,Guesford
3283,Rowe,Barbary
899,Teodora,Lawling
2817,Agata,Inglesent
3341,Vitia,Crum
1940,Gabriellia,Coulter
2987,Riane,Schultes
2164,Toinette,Clementson
322,De,Denington
1288,Abra,Cuardall
3165,Vyky,Coppen
2987,Riane,Schultes
3204,Ibby,Beedon
1155,Janetta,Hartrick
2673,Esma,McOwen
2028,Cathy,Parmley
2831,Starlin,Aysh
2641,Vina,Tackell
2702,Saraann,Gilliard
3125,Krystyna,Scarasbrick
215,Debera,Foxworthy
243,Barbara,Croxley
443,Lauree,Leason
1913,Tamiko,Fergie
1677,Petrina,Pollins
836,Clemence,Vautre
527,Lorilyn,Topaz
3313,Kori,Antoshin
1156,Breena,Risebrow
2658,Inger,Barnham
2616,Andee,Ormrod
1541,Dynah,Grimes
894,Catie,Kibbey
3008,Etta,Criag
3464,Etheline,Gerretsen
723,Madelina,Marte
753,Josy,St. Quentin
215,Debera,Foxworthy
2130,Evangelina,Coxhell
1275,Francisca,Whittek
396,Peria,Iscowitz
828,Darda,Kernocke
1653,Florry,Folbige
2407,Merrily,
355,Stacy,Gullane
2695,Kippy,Heater
1536,Tiffany,Fanshaw
2379,Trixie,Piscopiello
880,Neely,Lundon
625,Abra,Probets
2695,Kippy,Heater
1784,Louella,O' Timony
2183,Jillie,Fyndon
860,Ida,
2132,Davina,Dougary
405,Vivien,Urion
3070,Malissia,Minthorpe
3412,Almira,Ethelstone
2861,Cecelia,Franzini
2616,Andee,Ormrod
1140,Deana,Rathbourne
1190,Sib,Gilby
1758,Helli,Cooksley
1138,Elli,Loxdale
1451,Courtney,Meas
1700,Rana,Streets
461,Jsandye,Melendez
1549,Vikki,Tett
810,Fawnia,Bartrum
1579,Madelaine,Siegertsz
963,Valery,Haresign
2777,Dita,Darlison
1153,Mirilla,Lothlorien
2934,Candida,Hickenbottom
1680,Loise,Austins
1647,Ivory,Roscam
1633,Ashia,Muzzi
1204,Trudy,Huffy
2046,Charis,Maas
1302,Ericka,Eggers
2082,Sybyl,Beekman
2523,Lauree,Shewery
407,Chryste,Acum
3221,Brigid,Quigley
2856,Milissent,Deinert
538,Millicent,Wiffler
3258,Hettie,Godden
299,Corabelle,Hartnell
2292,Christie,MacClure
3465,Hadria,Pizer
789,Gabrielle,Giraudot
1307,Emlyn,Musgrave
1815,Bab,Bingall
1633,Ashia,Muzzi
1550,Nell,MacCafferky
1182,Carolann,Ottiwill
3061,Evie,Bendtsen
2082,Sybyl,Beekman
2872,Tabbi,Tyght
3344,Clerissa,Columbell
2771,Jamie,Gildersleeve
1480,Bird,Diess
3482,Roch,Rilston
2307,Corina,Shadwick
2755,Karen,La Wille
1532,Marty,Wiggall
3106,Yetty,Conneely
1417,Micki,Russel
768,Alexia,Wolford
2636,Carly,Struys
2467,Ynez,Fawloe
2014,Sandye,Avraam
1745,Leigha,Clawson
738,Bunnie,Whines
2561,Elga,McWard
2366,Idette,Mapam
2615,Cordelia,
2438,Lorianne,Ethersey
2396,Elmira,Wildblood
477,Cheri,Hazeman
2904,Freddi,Arrington
443,Lauree,Leason
2013,Marge,Girault
318,Libbie,Castelin
3252,Alexia,McTerrelly
2501,Ora,Meaddowcroft
1992,Shanta,Attrill
2253,Gracie,Kubacki
2407,Merrily,
430,Janice,Himsworth
3274,Tory,Dosdell
745,Dotty,Maylott
1860,Holly-anne,Hamman
768,Alexia,Wolford
1771,Zarah,Santello
1898,Katalin,Mantz
2465,Paloma,Nilles
462,Melany,Thorrington
1961,Licha,Lyes
1745,Leigha,Clawson
259,Venita,Dymick
459,Bel,Cheeke
1809,Reba,Southon
1116,Tori,Coche
590,Ddene,Burleton
3191,Bobbette,Amps
3162,Deanne,Delacour
3191,Bobbette,Amps
2934,Candida,Hickenbottom
2637,Marcile,Christley
2381,Dulsea,Pladen
2547,Aili,Scruby
2565,Joannes,Harbron
461,Jsandye,Melendez
2084,Britni,Menguy
1417,Micki,Russel
608,Alisun,Heinecke
2891,Renae,Ughetti
1862,Daron,Umpleby
1992,Shanta,Attrill
3311,Clary,Bennitt
1698,Christabella,Eldredge
429,Berny,Bold
3026,Minda,Pendrid
2026,Anabelle,Rogerson
2488,Idalia,Braunton
3026,Minda,Pendrid
430,Janice,Himsworth
2380,Merissa,Milella
904,Kariotta,Ludman
1548,Perla,Cortnay
2307,Corina,Shadwick
1898,Katalin,Mantz
444,Britteny,Falconer-Taylor
2799,Ilysa,Palle
2273,Rhetta,Lambrook
449,Shana,Fortesquieu
2292,Christie,MacClure
522,Lynnelle,Comettoi
2641,Vina,Tackell
667,Nicoline,Samwayes
2173,Gracia,McAteer
2407,Merrily,
753,Josy,St. Quentin
2458,Leilah,Liddel
2616,Andee,Ormrod
970,Kellyann,Hawton
1532,Marty,Wiggall
2201,Trisha,Basset
3334,Koralle,Winckles
2565,Joannes,Harbron
2918,Elli,
2108,Michel,O'Halligan
2885,Minnie,Rolley
459,Bel,Cheeke
1320,Fae,
1451,Courtney,Meas
699,Mirabella,Richter
1467,Alysia,Cantrill
1430,Kalli,Pigeram
3412,Almira,Ethelstone
2891,Renae,Ughetti
3414,Winnifred,Zima
1999,Raquel,Bamlett
2474,Chrysa,Burrett
970,Kellyann,Hawton
2273,Rhetta,Lambrook
2345,Arden,Godard
2764,Callie,Coltart
2096,Torrie,Smartman
1314,De,Eilhart
3055,Viki,Drache
167,Nathalie,Tideswell
2345,Arden,Godard
1549,Vikki,Tett
425,Michaeline,Bordman
2637,Marcile,Christley
292,Gelya,Gerant
877,Didi,Milne
1579,Madelaine,Siegertsz
3361,Riva,Yushin
2662,Louisette,Cullimore
2028,Cathy,Parmley
2914,Jessamine,Brazear
428,Freida,Everil
1982,Julee,Hallewell
1005,Kalila,Birtwistle
1977,Myrtia,Paschke
899,Teodora,Lawling
1651,Idalina,
2733,Jordanna,Skyme
325,Anthia,Ghilardini
394,Roanne,Cowthard
3165,Vyky,Coppen
1869,Neda,Longfellow
2014,Sandye,Avraam
3313,Kori,Antoshin
1547,Chiquita,Billyard
966,Krystyna,Linning
853,Nolana,Rotter
2013,Marge,Girault
608,Alisun,Heinecke
3401,Cristie,
1188,Sally,Cominoli
3129,Leola,Mandrier
1700,Rana,Streets
333,Debbi,Doohey
2918,Elli,
425,Michaeline,Bordman
718,Cathe,Lorriman
2764,Callie,Coltart
